State,Month,Regular (<95 RON) (ML),Premium (95-97 RON) (ML),Premium (98+ RON) (ML),Ethanol-blended fuel (ML),Automotive gasoline: total (ML),Total: of which sales to retailers (ML),Diesel oil: total,Diesel oil: of which sales to retailers (ML),Aviation turbine fuel: domestic (ML),Aviation turbine fuel: international (ML),Aviation turbine fuel: total (ML),Other products (ML)
NSW,Jul 2010,219.1,67.0,61.2,163,510.2,422.0,361.9,137.2,48.7,217.2,265.8,180.8
NSW,Aug 2010,190.9,75.5,65,184.9,516.3,426.1,362.8,139.1,46.8,216.2,262.9,172.5
NSW,Sep 2010,166.8,74.2,63.6,177.6,482.2,390.6,393.2,138.4,49.1,213.9,263,168.8
NSW,Oct 2010,202.8,76.2,68.2,176.5,523.7,422.3,379.6,141.3,46.1,220.2,266.3,161.5
NSW,Nov 2010,202.7,80.0,72.4,182.2,537.3,431.6,410.2,143.8,46.9,210.6,257.5,156.0
NSW,Dec 2010,185.2,94.1,78.1,221.1,578.5,465.3,381.7,143.3,46.9,219.6,266.4,144.3
NSW,Jan 2011,148.3,80.2,63.1,175.3,466.9,379.0,362.6,123.6,44.1,232.7,276.8,160.9
NSW,Feb 2011,157.6,83.7,63.5,187,491.8,402.2,376.2,136.2,45.5,204.8,250.3,160.6
NSW,Mar 2011,162.9,86.2,68.7,201.2,519.0,421.4,414.0,151.1,53.6,225.1,278.8,157.7
NSW,Apr 2011,144.7,79.7,64.8,177.3,466.5,383.2,376.8,133.9,91.5,181.2,272.6,157.8
NSW,May 2011,145.1,83.4,67.5,183.8,479.8,397.4,430.3,143.6,91.5,178.7,270.3,173.6
NSW,Jun 2011,192.0,81.2,67.3,176.8,517.4,383.0,378.6,136.4,85.8,174.2,260,170.5
NSW,Jul 2011,155.2,87.3,69.7,185.9,498.1,403.4,410.6,144.6,87.4,189.6,277,177.8
NSW,Aug 2011,156.0,94.0,76.3,192,518.2,423.0,423.2,149.2,89.8,189.6,279.4,157.2
NSW,Sep 2011,145.3,86.9,73,176.1,481.3,389.2,424.7,144.0,81,182.6,263.5,164.9
NSW,Oct 2011,137.6,86.2,72.8,173.9,470.5,388.2,402.9,141.4,95,188.3,283.3,143.7
NSW,Nov 2011,153.1,96.7,79.7,189.8,519.3,424.8,406.0,154.3,87.2,184.4,271.7,158.6
NSW,Dec 2011,148.5,100.6,82.4,187.6,519.1,420.5,382.4,144.8,88.9,201,289.9,159.7
NSW,Jan 2012,133.7,91.9,78.8,165.2,469.6,379.1,378.6,135.3,84.4,197.1,281.5,145.6
NSW,Feb 2012,137.7,98.6,80,178.7,495.1,401.3,384.1,149.3,83.3,180.2,263.5,153.1
NSW,Mar 2012,137.9,98.2,83,182.6,501.7,407.4,416.5,157.2,85.7,184.6,270.3,162.2
NSW,Apr 2012,129.1,91.1,74.9,166,461.1,372.5,382.0,139.3,88.6,189.5,278.1,138.4
NSW,May 2012,147.0,98.0,82.9,187.1,515.0,411.0,449.5,163.4,87.6,184.8,272.4,160.4
NSW,Jun 2012,130.4,89.6,78.4,170.4,468.8,377.7,385.0,144.4,86.9,187.4,274.3,157.0
NSW,Jul 2012,136.6,95.7,83.1,181.5,496.9,400.4,419.7,156.4,97.8,190.8,288.6,151.5
NSW,Aug 2012,135.5,100.2,84.6,187.4,507.7,417.2,446.0,162.5,89.9,193.8,283.7,142.1
NSW,Sep 2012,124.3,91.0,80.7,171.4,467.4,384.5,411.1,150.8,92.7,190.1,282.8,111.5
NSW,Oct 2012,138.4,94.2,82.9,177.9,493.3,396.8,464.3,165.5,98.4,196.1,294.5,127.0
NSW,Nov 2012,140.5,94.5,87,178.2,500.3,403.4,454.9,167.0,91.3,184.5,275.8,121.8
NSW,Dec 2012,142.2,104.7,87.3,183.1,517.3,423.1,417.3,151.5,94.2,199.8,294,121.2
NSW,Jan 2013,137.2,94.5,85.5,166.5,483.7,391.1,427.0,145.5,87.2,200.4,287.6,115.1
NSW,Feb 2013,131.8,93.5,79.1,171.7,476.0,386.2,409.4,147.5,79.2,179.7,258.9,115.8
NSW,Mar 2013,145.5,100.4,89.5,180.8,516.1,416.9,424.2,158.9,89.7,192.9,282.6,120.4
NSW,Apr 2013,132.9,94.2,86.8,163.6,477.4,387.0,444.8,153.6,83,197.6,280.7,118.9
NSW,May 2013,136.5,94.8,89.3,162.1,482.7,389.6,457.8,165.5,83.9,195.8,279.7,152.1
NSW,Jun 2013,130.2,87.0,83.6,167.1,467.9,387.7,410.2,151.3,73.3,200.4,273.7,137.1
NSW,Jul 2013,140.0,98.7,93.6,179.9,512.2,403.7,464.8,167.6,97.8,207.1,304.9,150.9
NSW,Aug 2013,145.3,100.0,96.2,175.4,516.9,407.5,481.9,168.2,87.5,198.9,286.5,151.9
NSW,Sep 2013,134.5,91.5,89,156,471.1,370.2,449.6,156.9,94.7,203.3,298,137.0
NSW,Oct 2013,143.2,97.9,94.7,163.1,499.0,383.2,476.3,163.6,92.1,209.1,301.2,142.2
NSW,Nov 2013,141.4,97.2,97.3,164.4,500.3,390.1,467.6,165.9,87,206.8,293.8,152.0
NSW,Dec 2013,147.1,104.7,101.9,171.1,524.8,412.2,444.4,162.2,88.9,224.9,313.9,132.6
NSW,Jan 2014,136.7,96.2,92.8,154.9,480.5,374.5,449.5,154.5,85.1,214.3,299.4,146.0
NSW,Feb 2014,131.3,95.8,90.1,155.1,472.2,372.4,444.1,159.8,80.1,185.1,265.2,136.2
NSW,Mar 2014,140.0,97.0,95.5,158.3,490.8,386.2,458.8,171.6,92.4,187.8,280.2,122.3
NSW,Apr 2014,137.9,94.8,94.6,152,479.4,374.6,437.8,161.6,93,194.9,287.9,126.2
NSW,May 2014,138.3,95.2,95.2,152,480.7,375.2,474.9,176.5,93.2,186.3,279.5,127.3
NSW,Jun 2014,129.5,89.1,90.5,145.7,454.8,358.2,438.6,161.5,93.5,183.5,277,121.6
NSW,Jul 2014,141.8,99.2,97.7,164.8,503.5,390.0,477.2,177.1,104,188.5,292.5,118.5
NSW,Aug 2014,141.3,98.1,100.6,159.8,499.7,390.5,446.7,171.4,86.2,189,275.2,98.4
NSW,Sep 2014,138.2,92.3,93.4,147.8,471.7,364.6,456.9,171.8,86.3,184.3,270.5,103.4
NSW,Oct 2014,142.4,98.2,104,156.1,500.7,387.3,472.9,180.2,92.4,182.8,275.2,105.6
NSW,Nov 2014,137.6,95.4,103.4,150.7,487.2,376.9,462.9,177.6,103.5,172,275.5,92.1
NSW,Dec 2014,149.4,106.4,119,158.7,533.5,412.8,448.7,176.3,104,188.2,292.2,103.3
NSW,Jan 2015,135.2,95.2,112.3,138.2,480.9,372.9,434.0,161.2,107.2,187.5,294.7,92.3
NSW,Feb 2015,130.7,95.0,105.2,142.9,473.8,372.9,460.3,179.1,92.9,166,259,88.0
NSW,Mar 2015,142.3,97.4,109,147,495.6,387.1,482.5,198.6,101.1,178.8,279.8,97.8
NSW,Apr 2015,138.3,90.3,103.6,129.6,461.9,361.5,440.5,177.8,99.1,171.1,270.2,82.2
NSW,May 2015,142.8,92.5,104.7,129.2,469.2,369.0,474.7,194.9,101.1,172.6,273.6,83.4
NSW,Jun 2015,139.8,88.9,101.2,123.2,453.1,354.6,452.4,186.7,100.3,175.6,275.9,87.6
NSW,Jul 2015,154.3,98.6,109.6,131.4,493.8,391.0,479.5,211.4,106,185.1,291.1,88.1
NSW,Aug 2015,152.3,97.4,112,128.5,490.3,388.7,469.2,204.7,101.1,176.8,277.9,84.9
NSW,Sep 2015,149.6,90.9,110,118.7,469.2,364.8,475.4,204.1,104.9,187.2,292.1,89.6
NSW,Oct 2015,154.2,95.5,115.1,122.8,487.6,379.8,480.9,210.6,100,182.5,282.5,96.3
NSW,Nov 2015,153.8,92.5,113.8,120.7,480.9,374.2,471.4,208.3,99.2,186.6,285.8,95.6
NSW,Dec 2015,169.8,103.7,130.3,128.7,532.5,420.7,482.2,215.7,111.6,199.7,311.2,105.1
NSW,Jan 2016,146.1,88.2,115.1,108.7,458.1,366.5,436.6,184.9,109.3,211.2,320.5,83.3
NSW,Feb 2016,150.1,95.4,120.4,115.8,481.8,388.0,490.1,215.9,97.7,191.2,288.9,102.1
NSW,Mar 2016,160.0,95.1,126.4,119.4,500.9,400.5,498.1,220.1,108.4,204.7,313.1,99.5
NSW,Apr 2016,144.6,85.5,114.9,107.1,452.1,364.0,475.7,210.5,105.3,192.2,297.5,93.6
NSW,May 2016,147.8,85.4,114.6,108.9,456.7,361.0,488.2,212.9,104.8,196.6,301.4,94.8
NSW,Jun 2016,142.1,80.5,105.8,104.6,433.0,342.2,453.4,198.1,102,193.6,295.5,96.3
NSW,Jul 2016,151.3,90.0,116.3,114,471.6,371.4,455.6,209.9,110.9,196.5,307.4,98.8
NSW,Aug 2016,156.6,91.6,122.8,114.9,485.9,385.2,467.8,221.9,114.6,196,310.6,83.3
NSW,Sep 2016,148.2,85.2,117.8,108.1,459.3,363.7,459.4,220.1,114.2,187.6,301.8,79.8
NSW,Oct 2016,153.3,88.2,119.8,111.7,473.0,374.1,477.6,225.5,115.2,198.3,313.5,85.9
NSW,Nov 2016,162.5,91.4,123.6,117,494.5,388.1,514.1,241.2,104.9,205.8,310.7,94.8
NSW,Dec 2016,173.4,96.7,126.1,124,520.2,403.8,502.1,236.4,106.9,226.9,333.8,86.7
NSW,Jan 2017,159.2,86.1,113,111.1,469.4,364.8,481.0,225.7,107.9,224.1,332,87.9
NSW,Feb 2017,162.3,90.6,113.6,118.5,485.0,380.7,498.6,239.9,93.1,216.8,309.9,83.2
NSW,Mar 2017,176.3,91.8,127,125.3,520.3,408.6,545.8,246.1,104.4,217,321.4,92.3
NSW,Apr 2017,157.2,82.2,116.7,110.6,466.6,366.0,498.4,226.9,102.6,206.6,309.2,73.5
NSW,May 2017,168.8,87.3,123.4,120.2,499.8,388.2,566.5,255.4,97.9,217.3,315.2,81.6
NSW,Jun 2017,157.1,81.5,116.7,113.6,469.0,365.8,509.6,234.1,97.5,211.4,308.9,78.0
NSW,Jul 2017,158.1,87.9,123.6,115.6,485.2,393.3,533.5,245.7,109.4,224.3,333.7,79.2
NSW,Aug 2017,161.6,88.7,123.2,118.8,492.3,393.7,542.5,250.9,94.3,217.8,312.1,73.7
NSW,Sep 2017,157.4,82.7,117.7,113.9,471.7,374.0,536.7,242.4,93.3,218.2,311.5,67.3
NSW,Oct 2017,161.1,83.3,117.8,115.4,477.6,380.5,545.3,244.1,99.1,219.6,318.8,68.7
NSW,Nov 2017,164.0,85.4,116.3,122.7,488.5,381.0,555.3,253.7,95.6,215.3,310.9,70.6
NSW,Dec 2017,175.4,94.0,124.5,132.5,526.4,408.9,523.8,245.4,98.2,241.3,339.4,75.2
NSW,Jan 2018,159.3,91.7,114.4,117.8,483.3,386.9,526.4,244.0,62.8,275.6,338.4,98.8
NSW,Feb 2018,150.6,86.7,113.3,111,461.7,367.6,526.4,252.6,60.9,224.4,285.3,98.8
NSW,Mar 2018,166.9,96.0,126.4,124.5,513.8,413.7,562.6,278.2,64,238.8,302.8,104.7
NSW,Apr 2018,151.6,85.3,113,115.1,465.1,368.4,537.0,259.6,62.3,242.8,305.1,96.8
NSW,May 2018,156.7,90.0,116.8,126.8,490.3,388.0,594.0,282.2,63.1,230.2,293.3,96.0
NSW,Jun 2018,145.5,84.1,106.2,118.9,454.6,359.4,537.7,253.1,57.6,225.4,283,81.3
NSW,Jul 2018,153.1,87.3,114.7,120.3,475.4,378.8,567.6,268.0,67.9,241.7,309.6,85.1
NSW,Aug 2018,154.0,87.7,112.9,122.9,477.5,378.5,582.5,278.3,62.6,229.3,291.9,83.4
NSW,Sep 2018,155.9,84.0,107,116.5,463.5,369.3,529.9,255.3,62.1,219.6,281.7,74.4
NSW,Oct 2018,164.3,88.0,108,126,486.3,374.5,573.5,265.6,67.8,235.8,303.5,86.5
NSW,Nov 2018,161.0,92.4,122.8,130.2,506.4,399.6,600.2,281.9,60.8,232.6,293.3,81.6
NSW,Dec 2018,159.0,93.7,123.4,121.6,497.7,389.9,533.7,248.8,59.8,253.1,312.9,84.5
NSW,Jan 2019,145.7,87.5,118.3,111.4,462.9,376.0,533.6,245.9,59.2,256.1,315.3,81.5
NSW,Feb 2019,139.8,84.7,110.3,110.7,445.5,355.8,542.8,249.3,55.7,215.2,270.9,83.3
NSW,Mar 2019,150.3,91.9,119.2,119.5,480.9,386.1,591.4,268.2,68.2,227.3,295.4,89.3
NSW,Apr 2019,148.4,88.6,111.4,116.4,464.8,368.3,554.5,250.3,58.5,218.3,276.7,89.4
NSW,May 2019,150.6,89.5,112.3,121.7,474.0,370.9,598.2,270.8,66.5,219.1,285.6,76.3
NSW,Jun 2019,141.5,82.6,107.1,113.4,444.6,352.3,536.3,246.0,57.1,220.1,277.2,71.4
NSW,Jul 2019,150.7,85.8,112.5,116.4,465.3,366.0,563.7,262.9,69.2,225.4,294.5,80.7
NSW,Aug 2019,151.4,87.7,115.6,120.1,474.9,373.0,577.1,268.3,61.8,226.4,288.1,67.6
NSW,Sep 2019,142.0,83.6,108.8,111,445.4,349.4,551.1,263.0,64.5,215.6,280.1,67.4
NSW,Oct 2019,148.6,87.0,111.6,117.7,464.9,361.4,598.4,281.9,66.8,226.3,293.1,78.7
NSW,Nov 2019,150.8,87.2,113,120,471.0,366.8,584.1,280.8,64.6,225.4,290,82.5
NSW,Dec 2019,153.7,89.8,115.2,122.3,481.0,374.0,581.4,261.4,65.3,253.4,318.7,70.7
NSW,Jan 2020,139.8,81.1,105.4,109,435.4,338.3,565.6,253.4,60.5,252.2,312.7,64.1
NSW,Feb 2020,141.7,82.4,107.7,111.5,443.3,346.3,550.2,261.3,57.3,196.5,253.9,69.5
NSW,Mar 2020,137.9,80.3,111.3,104,433.5,334.8,605.3,267.9,49.3,153.9,203.2,72.9
NSW,Apr 2020,89.2,45.9,69.8,52.1,257.0,181.4,476.2,193.6,8.5,54.1,62.6,55.9
NSW,May 2020,122.5,56.8,96.3,73.4,349.1,256.9,544.8,236.1,10,71,81,60.9
NSW,Jun 2020,137.6,63.9,108.8,83.8,394.1,292.0,544.9,247.1,13.3,65.7,79,75.9
NSW,Jul 2020,147.6,71.3,115.4,88.5,422.8,322.3,544.9,263.8,15.3,66.2,81.5,65.7
NSW,Aug 2020,143.9,70.2,118.1,87.9,420.1,320.6,544.2,252.6,13.4,73.1,86.5,60.9
NSW,Sep 2020,141.7,73.0,122.1,89.3,426.1,325.3,558.8,262.1,14.8,70,84.8,61.1
NSW,Oct 2020,145.1,74.4,125.1,90,434.7,335.0,572.2,279.3,16.5,76.6,93.2,53.2
NSW,Nov 2020,146.6,75.6,125.9,91.7,439.8,335.0,604.2,281.1,21.2,79.2,100.4,62.9
NSW,Dec 2020,163.5,78.7,130.3,97.9,470.4,353.0,563.7,265.3,30,80.8,110.8,47.2
NSW,Jan 2021,135.6,69.0,119.2,81.9,405.7,307.4,516.9,242.0,14.7,70.3,85,42.7
NSW,Feb 2021,151.3,70.4,114.7,88.5,424.9,311.9,561.9,249.2,28.5,66.8,95.3,47.2
NSW,Mar 2021,156.9,75.1,122.5,100.1,454.7,333.0,589.7,270.1,39.6,73.1,112.7,53.0
NSW,Apr 2021,154.5,73.9,121.2,100.3,449.9,324.4,611.7,270.8,50.4,71.8,122.2,57.5
NSW,May 2021,157.3,74.5,124.6,105.3,461.6,333.8,632.3,274.8,49.1,75.3,124.4,60.0
NSW,Jun 2021,150.7,70.1,115.3,101,437.1,314.5,590.7,260.9,41.8,72.7,114.5,70.1
NSW,Jul 2021,108.7,46.5,73.4,65,293.7,209.3,546.0,220.6,19.1,72.6,91.7,60.6
NSW,Aug 2021,89.7,40.5,61.2,56,247.4,169.9,525.3,201.8,13.9,74.7,88.6,59.0
NSW,Sep 2021,94.7,43.8,66.3,60.3,265.1,178.2,553.5,210.8,14.9,71.1,86,57.8
NSW,Oct 2021,125.2,58.5,95.2,83.7,362.6,253.3,640.8,273.2,15.1,74.9,90,52.6
NSW,Nov 2021,146.1,70.4,109.3,97.1,422.8,307.6,601.0,266.1,23,82.4,105.5,55.5
NSW,Dec 2021,159.8,76.0,121.7,104.3,461.8,332.4,618.3,273.5,36.3,96.4,132.7,49.7
NSW,Jan 2022,142.0,66.5,105.5,89.1,403.1,297.2,546.6,238.9,36.9,102.6,139.4,39.2
NSW,Feb 2022,137.5,66.5,98.9,93,395.9,293.6,576.1,254.0,33.2,98.2,131.4,45.8
NSW,Mar 2022,152.7,67.5,98.5,102.5,421.2,305.9,608.1,268.5,44.8,116.7,161.5,49.2
NSW,Apr 2022,123.9,62.4,103,95.7,385.1,300.7,534.4,251.5,57.3,119.3,176.6,45.5
NSW,May 2022,156.5,67.7,103.3,100.3,427.7,313.4,636.4,278.4,59.2,124.5,183.7,64.3
NSW,Jun 2022,148.3,66.7,96.5,100.9,412.4,302.8,630.2,276.4,54.9,127.9,182.8,68.2
NSW,Jul 2022,155.0,66.0,100,93.3,414.2,308.6,588.5,267.3,81,141.8,222.7,59.5
NSW,Aug 2022,153.6,67.7,106.5,93.9,421.7,307.1,625.6,278.8,79.7,141.6,221.3,65.8
NSW,Sep 2022,157.4,72.3,107.6,95.7,432.9,318.0,597.6,274.6,52.3,135.1,187.4,59.0
NSW,Oct 2022,144.4,68.4,101.4,93.1,407.3,302.7,564.9,262.5,57.7,145.9,203.6,57.0
NSW,Nov 2022,157.6,69.9,106.4,100.2,434.0,308.7,635.8,285.9,58.2,154.8,212.9,72.1
NSW,Dec 2022,164.6,74.5,115.1,96.4,450.7,325.7,640.6,286.9,57.2,171.3,228.5,62.2
NSW,Jan 2023,136.5,68.1,107.8,82.5,394.9,297.5,574.4,256.8,52.4,176.2,228.6,60.0
NSW,Feb 2023,140.2,65.1,102.5,86.8,394.6,278.4,597.5,265.9,51,155.1,206.1,64.1
NSW,Mar 2023,165.9,74.9,116.8,97.4,455.0,326.0,683.6,298.7,59.4,170.8,230.2,67.3
NSW,Apr 2023,138.5,63.7,103.3,87.4,393.0,291.8,585.9,261.6,55.3,157.3,212.5,63.3
NSW,May 2023,157.1,71.8,113.6,91.8,434.3,316.5,671.4,299.0,62.2,190,252.2,75.4
NSW,Jun 2023,144.8,66.4,104,86.8,402.1,285.7,624.9,277.0,58.8,189.2,248,66.8
NSW,Jul 2023,146.8,66.9,105.8,88.5,408.1,288.0,611.6,270.4,59.1,190.2,249.2,58.4
NSW,Aug 2023,150.2,67.4,106.2,92.2,416.1,293.6,647.9,272.6,61.8,188.5,250.3,55.7
NSW,Sep 2023,152.6,67.0,103.1,92.1,414.9,294.5,616.4,267.4,56.8,181.7,238.6,47.6
NSW,Oct 2023,156.1,70.9,108.8,93.5,429.4,311.9,652.8,271.7,62.2,198.2,260.4,57.3
NSW,Nov 2023,157.0,68.9,108.9,93,427.8,298.0,656.0,284.3,57.1,206.1,263.2,62.2
NSW,Dec 2023,161.5,71.3,116.6,91.5,440.9,308.4,600.1,262.5,57,236.1,293,67.4
NSW,Jan 2024,152.5,67.2,108.4,86.1,414.2,285.9,609.7,241.9,58.1,232.5,290.6,60.3
NSW,Feb 2024,149.6,64.5,105.9,88.8,408.9,281.8,631.7,257.9,53,204.9,257.9,70.2
NSW,Mar 2024,163.6,71.1,113.1,95.5,443.3,305.4,653.5,271.8,59.6,210.2,269.8,66.8
NSW,Apr 2024,146.1,63.2,101.3,85.3,396.0,270.4,622.6,253.2,57.7,195.1,252.8,66.0
NSW,May 2024,159.7,67.2,109.2,92.1,428.2,299.2,652.3,272.5,56.9,201.6,258.5,62.6
NSW,Jun 2024,145.0,59.8,103.8,83.7,392.3,272.7,589.4,256.9,51.8,187.8,239.5,58.6
NSW,Jul 2024,151.8,60.9,110.4,85.6,408.6,280.3,626.1,266.3,78.6,210.9,289.5,64.9
NSW,Aug 2024,155.4,64.1,117.1,88.2,424.8,296.5,627.6,273.0,59.5,221,280.5,54.7
NSW,Sep 2024,153.6,63.3,118.6,83,418.5,303.0,626.5,275.0,55.5,190.9,246.3,55.2
NSW,Oct 2024,157.9,65.6,121.1,85.9,430.5,308.0,664.4,287.5,63.1,210,273.2,64.0
NSW,Nov 2024,158.2,64.1,119.7,86.4,428.4,304.4,673.6,278.2,58.4,204.4,262.8,66.0
NSW,Dec 2024,166.6,68.2,126.9,90,451.8,320.7,631.4,276.8,62.4,232.9,295.3,60.9
NSW,Jan 2025,152.4,62.6,115,80.8,410.8,295.5,607.2,250.1,52.8,237.8,290.6,53.2
NSW,Feb 2025,145.4,61.1,112.8,80.4,399.8,280.6,615.9,256.0,53,202.1,255.1,54.4
NSW,Mar 2025,162.0,66.6,124.3,86.9,439.8,312.0,651.5,283.7,59,206.4,265.5,57.4
NSW,Apr 2025,152.3,62.8,120.6,80.5,416.2,294.4,618.5,260.4,61.1,206.1,267.2,59.5
NSW,May 2025,151.2,62.4,122.9,82.1,418.6,297.4,640.2,277.6,56,200.8,256.8,54.6
NSW,Jun 2025,151.1,60.4,118.7,77.3,407.4,290.1,657.8,277.7,57.9,207,264.9,63.5
NSW,Jul 2025,148.9,61.2,123.2,78.9,412.2,291.1,653.2,278.6,78,219.1,297.1,59.4
NSW,Aug 2025,150.2,61.6,120.6,81.1,413.6,298.9,624.7,283.8,56.8,209,265.8,55.8
NSW,Sep 2025,154.4,61.5,126,79.2,421.1,293.3,649.3,279.4,60.9,213.8,274.7,58.5
NSW,Oct 2025,160.5,64.8,127.5,81,433.9,302.5,690.4,293.1,66.9,218.1,285,52.0
NSW,Nov 2025,158.9,63.6,124.9,78,425.4,299.6,677.5,284.2,80.2,220,300.2,51.8
NSW,Dec 2025,168.8,68.7,134.7,85.2,457.3,318.8,655.0,292.5,63.5,249.7,313.2,54.4
NSW,Jan 2026,152.7,62.0,124.5,74.3,413.6,293.1,620.8,264.6,56.4,254.6,311,47.6
NT,Jul 2010,14.7,2.5,n.p.,n.p.,17.2,8.0,60.0,9.3,n.p.,n.p.,14.6,3.9
NT,Aug 2010,14.4,2.6,n.p.,n.p.,17.0,8.5,62.8,8.9,n.p.,n.p.,14.3,4.3
NT,Sep 2010,12.6,2.4,n.p.,n.p.,14.9,7.1,62.6,7.8,n.p.,n.p.,14.3,4.3
NT,Oct 2010,10.4,2.3,n.p.,n.p.,12.7,5.0,57.4,8.2,n.p.,n.p.,14.2,4.4
NT,Nov 2010,10.2,2.2,n.p.,n.p.,12.3,4.9,50.2,7.7,n.p.,n.p.,12.4,4.2
NT,Dec 2010,9.8,2.3,n.p.,n.p.,12.1,5.0,55.8,7.7,n.p.,n.p.,13.1,3.7
NT,Jan 2011,8.4,1.9,n.p.,n.p.,10.4,4.1,46.8,6.8,n.p.,n.p.,12.3,3.1
NT,Feb 2011,9.0,2.0,n.p.,n.p.,11.0,4.6,35.2,7.8,n.p.,n.p.,10.9,3.5
NT,Mar 2011,9.7,2.0,n.p.,n.p.,11.7,4.7,38.1,8.0,n.p.,n.p.,12.9,4.0
NT,Apr 2011,9.6,2.2,n.p.,n.p.,11.7,4.6,45.5,8.4,n.p.,n.p.,12.5,4.0
NT,May 2011,11.1,2.4,n.p.,n.p.,13.5,4.8,53.2,9.1,n.p.,n.p.,n.p.,4.3
NT,Jun 2011,10.4,2.2,n.p.,n.p.,12.6,5.1,79.6,9.9,n.p.,n.p.,13.6,4.1
NT,Jul 2011,11.7,2.5,n.p.,n.p.,14.2,5.7,86.7,10.4,n.p.,n.p.,20.3,4.7
NT,Aug 2011,11.4,2.5,n.p.,n.p.,13.9,5.9,57.4,10.3,n.p.,n.p.,18.2,4.2
NT,Sep 2011,10.5,2.5,n.p.,n.p.,13.0,5.0,68.5,8.9,n.p.,n.p.,16.3,4.2
NT,Oct 2011,10.3,2.2,n.p.,n.p.,12.5,4.8,56.2,8.8,n.p.,n.p.,15.2,4.4
NT,Nov 2011,10.6,2.5,n.p.,n.p.,13.1,5.6,61.6,9.5,n.p.,n.p.,13.9,4.0
NT,Dec 2011,10.6,2.4,n.p.,n.p.,12.9,5.1,55.3,8.4,n.p.,n.p.,13,3.3
NT,Jan 2012,8.7,2.0,n.p.,n.p.,10.7,4.3,42.5,7.5,n.p.,n.p.,14.5,3.4
NT,Feb 2012,9.9,2.2,n.p.,n.p.,12.1,5.1,37.0,8.0,n.p.,n.p.,14.6,3.4
NT,Mar 2012,9.7,2.1,n.p.,n.p.,11.8,4.8,45.0,8.6,n.p.,n.p.,16.2,3.8
NT,Apr 2012,10.2,2.2,n.p.,n.p.,12.4,5.0,39.0,8.8,n.p.,n.p.,16.4,4.1
NT,May 2012,10.7,2.4,n.p.,n.p.,13.1,5.2,61.3,9.7,n.p.,n.p.,17,4.3
NT,Jun 2012,11.1,2.3,n.p.,n.p.,13.3,4.9,50.0,10.2,n.p.,n.p.,20.2,4.8
NT,Jul 2012,12.7,2.6,n.p.,n.p.,15.2,5.9,57.5,11.4,n.p.,n.p.,21.2,4.1
NT,Aug 2012,11.3,2.5,n.p.,n.p.,13.8,6.1,50.9,11.0,n.p.,n.p.,29.2,3.9
NT,Sep 2012,9.6,2.2,n.p.,n.p.,11.8,5.0,55.7,9.4,n.p.,n.p.,16.6,3.8
NT,Oct 2012,9.9,2.2,n.p.,n.p.,12.0,5.5,50.0,9.5,n.p.,n.p.,19.1,4.0
NT,Nov 2012,9.1,2.1,n.p.,n.p.,11.2,5.1,60.8,9.0,n.p.,n.p.,18.6,4.4
NT,Dec 2012,8.8,2.1,n.p.,n.p.,10.8,5.1,52.9,8.5,n.p.,n.p.,14,4.1
NT,Jan 2013,9.0,2.0,n.p.,n.p.,11.0,4.9,53.3,7.7,n.p.,n.p.,13.2,3.7
NT,Feb 2013,9.0,2.0,n.p.,n.p.,11.0,5.1,45.9,8.1,n.p.,n.p.,12.6,3.5
NT,Mar 2013,8.4,2.0,n.p.,n.p.,10.4,4.6,55.3,8.1,n.p.,n.p.,15.3,3.4
NT,Apr 2013,9.3,2.3,n.p.,n.p.,11.5,5.7,50.3,8.8,n.p.,n.p.,18.2,3.4
NT,May 2013,9.4,2.3,n.p.,n.p.,11.7,5.5,42.3,9.6,n.p.,n.p.,16.9,4.1
NT,Jun 2013,9.2,2.2,n.p.,n.p.,11.4,5.9,51.5,10.3,n.p.,n.p.,23.4,3.7
NT,Jul 2013,10.2,2.0,n.p.,n.p.,12.2,6.4,48.1,11.3,n.p.,n.p.,20.6,4.1
NT,Aug 2013,9.8,1.9,n.p.,n.p.,11.7,6.3,58.5,10.9,n.p.,n.p.,20.1,3.8
NT,Sep 2013,9.2,1.8,n.p.,n.p.,11.0,5.3,50.8,8.2,n.p.,n.p.,19.9,3.9
NT,Oct 2013,8.5,1.8,n.p.,n.p.,10.3,5.3,47.6,9.8,n.p.,n.p.,18.2,4.2
NT,Nov 2013,8.2,1.7,n.p.,n.p.,9.9,5.2,57.4,9.0,n.p.,n.p.,19.1,3.9
NT,Dec 2013,7.8,1.6,n.p.,n.p.,9.4,5.1,59.1,9.0,n.p.,n.p.,15.2,3.4
NT,Jan 2014,7.7,1.5,n.p.,n.p.,9.2,4.7,56.6,8.1,n.p.,n.p.,13.3,3.1
NT,Feb 2014,8.7,1.5,n.p.,n.p.,10.2,5.1,44.6,8.6,n.p.,n.p.,11.3,3.2
NT,Mar 2014,8.8,1.7,n.p.,n.p.,10.5,5.1,57.3,9.2,n.p.,n.p.,13,3.4
NT,Apr 2014,9.2,1.7,n.p.,n.p.,10.9,5.3,57.5,9.5,n.p.,n.p.,15.4,3.5
NT,May 2014,9.2,1.9,n.p.,n.p.,11.1,5.4,63.2,10.1,n.p.,n.p.,18.4,3.9
NT,Jun 2014,9.5,1.7,n.p.,n.p.,11.2,5.3,55.9,10.9,n.p.,n.p.,20.1,4.0
NT,Jul 2014,10.3,2.0,n.p.,n.p.,12.3,6.0,63.6,10.6,n.p.,n.p.,22,3.7
NT,Aug 2014,10.0,1.9,n.p.,n.p.,12.0,6.0,63.6,9.9,n.p.,n.p.,28.1,3.7
NT,Sep 2014,9.3,1.9,n.p.,n.p.,11.2,5.2,60.8,9.4,n.p.,n.p.,22.3,3.8
NT,Oct 2014,9.0,1.8,n.p.,n.p.,10.7,5.1,61.2,8.6,n.p.,n.p.,18.5,4.1
NT,Nov 2014,8.6,1.8,n.p.,n.p.,10.4,4.7,50.3,8.1,n.p.,n.p.,15.6,3.4
NT,Dec 2014,8.0,1.7,n.p.,n.p.,9.7,5.2,60.5,8.4,n.p.,n.p.,14.1,3.1
NT,Jan 2015,6.8,1.5,n.p.,n.p.,8.3,4.2,59.0,7.7,n.p.,n.p.,12.3,3.2
NT,Feb 2015,7.8,1.6,n.p.,n.p.,9.4,4.9,42.0,8.3,n.p.,n.p.,12.6,2.8
NT,Mar 2015,8.4,1.5,n.p.,n.p.,10.0,4.9,52.9,8.3,n.p.,n.p.,13.2,3.2
NT,Apr 2015,8.5,1.6,n.p.,n.p.,10.1,4.8,40.3,8.6,n.p.,n.p.,15.3,3.5
NT,May 2015,8.0,1.6,n.p.,n.p.,9.6,4.8,49.9,9.7,n.p.,n.p.,15.5,3.7
NT,Jun 2015,7.9,1.6,n.p.,n.p.,9.5,4.8,48.8,10.1,n.p.,n.p.,22.7,3.8
NT,Jul 2015,9.6,1.9,n.p.,n.p.,11.5,5.7,51.8,11.2,n.p.,n.p.,25.9,3.9
NT,Aug 2015,8.5,1.8,n.p.,n.p.,10.3,5.4,58.3,10.8,n.p.,n.p.,18.1,4.1
NT,Sep 2015,7.8,1.6,n.p.,n.p.,9.4,4.6,58.8,9.0,n.p.,n.p.,15.4,4.0
NT,Oct 2015,7.8,1.6,n.p.,n.p.,9.4,4.7,58.1,8.8,n.p.,n.p.,18.5,3.6
NT,Nov 2015,7.5,1.6,n.p.,n.p.,9.2,4.7,43.6,8.4,n.p.,n.p.,16.1,3.9
NT,Dec 2015,7.4,1.7,n.p.,n.p.,9.1,4.6,53.5,8.6,n.p.,n.p.,16,3.3
NT,Jan 2016,6.4,1.4,n.p.,n.p.,7.8,4.0,52.4,7.1,n.p.,n.p.,12.1,3.2
NT,Feb 2016,7.0,1.6,n.p.,n.p.,8.6,4.6,51.7,8.0,n.p.,n.p.,11.5,3.0
NT,Mar 2016,7.2,1.5,n.p.,n.p.,8.7,4.4,60.3,8.1,n.p.,n.p.,14.2,3.4
NT,Apr 2016,7.3,1.6,n.p.,n.p.,8.9,4.4,55.9,8.7,n.p.,n.p.,15.3,3.7
NT,May 2016,8.3,1.4,n.p.,n.p.,9.7,4.5,53.8,9.5,n.p.,n.p.,14.2,4.0
NT,Jun 2016,8.0,1.5,n.p.,n.p.,9.4,4.7,58.5,10.1,n.p.,n.p.,14.8,4.1
NT,Jul 2016,9.0,1.5,n.p.,n.p.,10.5,5.1,52.4,10.8,n.p.,n.p.,20.4,4.1
NT,Aug 2016,9.1,1.7,n.p.,n.p.,10.7,5.2,54.0,10.7,n.p.,n.p.,27.6,3.8
NT,Sep 2016,8.0,1.5,n.p.,n.p.,9.5,4.7,46.8,9.2,n.p.,n.p.,16.4,3.5
NT,Oct 2016,7.6,1.5,n.p.,n.p.,9.1,4.5,43.1,8.9,n.p.,n.p.,15,3.6
NT,Nov 2016,7.5,1.4,n.p.,n.p.,8.9,4.4,47.5,8.5,n.p.,n.p.,16.1,3.4
NT,Dec 2016,7.1,1.4,n.p.,n.p.,8.4,4.6,48.0,7.5,n.p.,n.p.,12.9,3.1
NT,Jan 2017,5.5,1.1,n.p.,n.p.,6.6,6.1,53.6,7.9,n.p.,n.p.,n.p.,3.0
NT,Feb 2017,6.5,1.3,n.p.,n.p.,7.8,4.2,47.3,7.2,n.p.,n.p.,n.p.,3.1
NT,Mar 2017,6.8,1.4,n.p.,n.p.,8.2,4.0,71.9,7.6,n.p.,n.p.,17,3.0
NT,Apr 2017,7.1,1.4,n.p.,n.p.,8.5,6.7,62.9,7.9,n.p.,n.p.,15.2,3.2
NT,May 2017,7.9,1.5,n.p.,n.p.,9.4,7.0,69.8,8.9,n.p.,n.p.,14.4,4.1
NT,Jun 2017,7.5,1.4,n.p.,n.p.,8.9,6.9,82.0,9.8,n.p.,n.p.,24.4,3.6
NT,Jul 2017,7.9,1.6,n.p.,n.p.,9.5,7.6,55.2,10.5,n.p.,n.p.,18.8,3.4
NT,Aug 2017,6.8,1.7,n.p.,n.p.,8.5,7.8,67.4,10.1,n.p.,n.p.,15.9,3.7
NT,Sep 2017,6.3,1.5,n.p.,n.p.,7.8,6.9,55.5,8.7,n.p.,n.p.,15.8,3.5
NT,Oct 2017,6.7,1.4,n.p.,n.p.,8.1,6.7,61.0,8.2,n.p.,n.p.,15.2,3.6
NT,Nov 2017,6.1,1.3,n.p.,n.p.,7.4,6.3,65.2,7.5,n.p.,n.p.,14.5,3.3
NT,Dec 2017,6.0,1.3,n.p.,n.p.,7.3,6.3,55.9,6.9,n.p.,n.p.,14.5,2.9
NT,Jan 2018,6.8,1.3,n.p.,n.p.,8.1,6.5,50.1,6.8,n.p.,n.p.,12.8,2.3
NT,Feb 2018,6.8,1.2,n.p.,n.p.,8.0,6.4,58.7,6.5,n.p.,n.p.,11.8,2.6
NT,Mar 2018,8.2,1.5,n.p.,n.p.,9.8,8.1,66.2,8.2,n.p.,n.p.,13.8,2.5
NT,Apr 2018,8.2,1.5,n.p.,n.p.,9.8,8.1,71.8,9.7,n.p.,n.p.,13.9,3.2
NT,May 2018,9.6,1.6,n.p.,n.p.,11.2,9.1,76.5,11.7,n.p.,n.p.,14.9,4.7
NT,Jun 2018,9.2,1.5,n.p.,n.p.,10.7,9.2,83.4,12.1,n.p.,n.p.,14.5,4.1
NT,Jul 2018,9.8,1.9,n.p.,n.p.,11.7,10.2,85.5,15.8,n.p.,n.p.,22.1,4.0
NT,Aug 2018,9.8,1.9,n.p.,n.p.,11.7,10.2,86.6,14.1,n.p.,n.p.,31.2,3.9
NT,Sep 2018,8.6,1.5,n.p.,n.p.,10.1,8.9,79.6,11.7,n.p.,n.p.,17.3,2.9
NT,Oct 2018,9.4,1.8,n.p.,n.p.,11.2,9.5,73.6,11.9,n.p.,n.p.,17.9,3.6
NT,Nov 2018,8.8,1.9,n.p.,n.p.,10.6,9.3,79.9,10.2,n.p.,n.p.,16.5,2.9
NT,Dec 2018,7.7,1.6,n.p.,n.p.,9.2,7.8,54.7,7.8,n.p.,n.p.,14.8,2.8
NT,Jan 2019,6.8,1.6,n.p.,n.p.,8.4,7.2,58.2,6.3,n.p.,n.p.,11.4,3.7
NT,Feb 2019,6.8,1.4,n.p.,n.p.,8.2,7.0,53.2,6.8,n.p.,n.p.,n.p.,2.3
NT,Mar 2019,8.0,1.8,n.p.,n.p.,9.8,8.4,57.8,8.0,n.p.,n.p.,14.6,3.9
NT,Apr 2019,8.0,1.6,n.p.,n.p.,9.6,8.1,58.3,8.4,n.p.,n.p.,17.5,2.8
NT,May 2019,8.7,1.9,n.p.,n.p.,10.6,8.9,66.2,9.1,n.p.,n.p.,29.8,5.2
NT,Jun 2019,8.2,2.0,n.p.,n.p.,10.2,8.2,64.9,10.2,n.p.,n.p.,16.6,5.1
NT,Jul 2019,9.5,2.1,n.p.,n.p.,11.6,9.0,62.4,11.0,n.p.,n.p.,19.2,5.1
NT,Aug 2019,9.5,1.9,n.p.,n.p.,11.4,8.5,63.2,10.2,n.p.,n.p.,17.4,5.2
NT,Sep 2019,10.1,1.9,n.p.,n.p.,12.0,8.0,60.8,8.9,n.p.,n.p.,19.3,2.9
NT,Oct 2019,9.4,2.0,n.p.,n.p.,11.4,8.2,61.6,8.6,n.p.,n.p.,18.2,5.3
NT,Nov 2019,9.2,1.7,n.p.,n.p.,10.9,7.5,57.8,7.5,n.p.,n.p.,14.1,4.5
NT,Dec 2019,8.1,1.7,n.p.,n.p.,9.8,7.7,56.2,7.4,n.p.,n.p.,13.7,3.6
NT,Jan 2020,7.0,1.5,n.p.,n.p.,8.5,6.7,48.3,6.3,n.p.,n.p.,11.7,2.1
NT,Feb 2020,7.3,1.5,n.p.,n.p.,8.8,7.0,49.8,8.0,n.p.,n.p.,12.1,3.4
NT,Mar 2020,8.4,1.7,n.p.,n.p.,10.1,7.5,55.1,7.0,n.p.,n.p.,12.6,3.9
NT,Apr 2020,6.4,1.2,n.p.,n.p.,7.6,5.5,52.3,5.0,n.p.,n.p.,3.9,2.6
NT,May 2020,7.9,1.7,n.p.,n.p.,9.6,7.1,59.5,6.8,n.p.,n.p.,4.2,2.2
NT,Jun 2020,8.6,2.0,n.p.,n.p.,10.7,7.5,57.9,7.2,n.p.,n.p.,6.4,2.7
NT,Jul 2020,9.7,2.2,n.p.,n.p.,11.9,8.1,50.0,8.3,n.p.,n.p.,6.8,4.4
NT,Aug 2020,10.6,2.3,n.p.,n.p.,12.9,8.6,59.8,9.1,n.p.,n.p.,10.6,2.9
NT,Sep 2020,9.8,2.4,n.p.,n.p.,12.2,8.2,58.9,8.5,n.p.,n.p.,10.6,2.7
NT,Oct 2020,10.2,2.4,n.p.,n.p.,12.6,8.7,64.2,8.7,n.p.,n.p.,11.9,4.8
NT,Nov 2020,9.6,2.2,n.p.,n.p.,11.8,8.3,60.0,8.3,n.p.,n.p.,15,3.7
NT,Dec 2020,9.1,2.2,n.p.,n.p.,11.4,8.1,55.1,7.3,n.p.,n.p.,12.4,1.8
NT,Jan 2021,8.1,1.7,n.p.,n.p.,9.8,6.3,45.3,6.8,n.p.,n.p.,9.4,3.4
NT,Feb 2021,7.5,1.7,n.p.,n.p.,9.3,6.8,45.0,6.2,n.p.,n.p.,9.9,1.9
NT,Mar 2021,9.1,2.1,n.p.,n.p.,11.2,8.1,53.4,7.7,n.p.,n.p.,10.8,3.9
NT,Apr 2021,9.5,2.3,n.p.,n.p.,11.8,8.1,54.4,8.8,n.p.,n.p.,12.6,4.2
NT,May 2021,10.3,2.2,n.p.,n.p.,12.5,8.6,61.8,9.4,n.p.,n.p.,22.4,5.2
NT,Jun 2021,9.6,2.3,n.p.,n.p.,11.9,8.3,64.6,10.6,n.p.,n.p.,19.5,4.9
NT,Jul 2021,9.8,2.2,n.p.,n.p.,12.0,7.9,62.7,11.2,n.p.,n.p.,15.9,4.8
NT,Aug 2021,9.9,2.2,n.p.,n.p.,12.1,8.1,69.5,10.7,n.p.,n.p.,16.5,6.2
NT,Sep 2021,10.2,2.3,n.p.,n.p.,12.5,8.2,66.2,9.2,n.p.,n.p.,17.3,4.3
NT,Oct 2021,9.9,2.2,n.p.,n.p.,12.1,8.2,66.4,9.3,n.p.,n.p.,21.5,3.1
NT,Nov 2021,8.7,1.8,n.p.,n.p.,10.5,7.5,60.5,8.3,n.p.,n.p.,21.7,3.9
NT,Dec 2021,7.6,2.7,n.p.,n.p.,10.3,6.9,51.5,7.7,n.p.,n.p.,15.4,2.3
NT,Jan 2022,7.6,1.8,n.p.,n.p.,9.4,6.6,48.8,6.3,n.p.,n.p.,14.7,3.3
NT,Feb 2022,7.3,1.6,n.p.,n.p.,8.9,6.1,45.3,6.4,n.p.,n.p.,14.6,3.4
NT,Mar 2022,8.8,1.6,n.p.,n.p.,10.5,7.5,53.7,7.6,n.p.,n.p.,18.1,2.6
NT,Apr 2022,8.8,1.9,n.p.,n.p.,10.7,7.3,49.2,7.6,n.p.,n.p.,20.8,4.0
NT,May 2022,9.8,1.9,n.p.,n.p.,11.6,8.0,57.1,9.0,n.p.,n.p.,24.9,4.5
NT,Jun 2022,10.0,2.2,n.p.,n.p.,12.2,8.1,60.5,9.4,n.p.,n.p.,27.5,4.9
NT,Jul 2022,10.4,2.0,n.p.,n.p.,12.4,8.4,69.0,10.1,n.p.,n.p.,10.7,4.3
NT,Aug 2022,10.2,1.9,n.p.,n.p.,12.1,8.3,63.6,9.8,n.p.,n.p.,20.2,4.3
NT,Sep 2022,10.3,2.1,n.p.,n.p.,12.4,8.5,67.9,9.9,n.p.,n.p.,30.1,4.5
NT,Oct 2022,9.3,1.8,n.p.,n.p.,11.2,7.7,65.3,8.8,n.p.,n.p.,18.1,4.3
NT,Nov 2022,9.1,1.6,n.p.,n.p.,10.7,7.4,59.9,8.3,n.p.,n.p.,11.3,2.5
NT,Dec 2022,8.5,1.5,n.p.,n.p.,10.0,7.0,51.0,7.6,n.p.,n.p.,11.8,3.6
NT,Jan 2023,7.0,1.4,n.p.,n.p.,8.4,6.0,45.4,5.8,n.p.,n.p.,12,2.2
NT,Feb 2023,6.1,1.5,n.p.,n.p.,7.5,5.1,45.6,5.8,n.p.,n.p.,11,4.2
NT,Mar 2023,8.4,1.6,n.p.,n.p.,10.0,7.1,52.8,7.3,n.p.,n.p.,22.1,3.5
NT,Apr 2023,8.9,1.9,n.p.,n.p.,10.9,7.2,55.7,7.8,n.p.,n.p.,13.5,2.4
NT,May 2023,9.5,1.7,n.p.,n.p.,11.1,7.3,62.4,9.4,n.p.,n.p.,n.p.,4.5
NT,Jun 2023,9.9,2.1,n.p.,n.p.,12.0,7.7,60.1,9.9,n.p.,n.p.,n.p.,4.9
NT,Jul 2023,9.8,2.0,n.p.,n.p.,11.8,7.5,65.8,11.3,n.p.,n.p.,n.p.,4.8
NT,Aug 2023,10.5,1.9,n.p.,n.p.,12.4,7.9,66.6,10.1,n.p.,n.p.,n.p.,3.1
NT,Sep 2023,9.7,1.9,n.p.,n.p.,11.6,7.3,62.3,9.5,n.p.,n.p.,n.p.,4.5
NT,Oct 2023,9.3,1.8,n.p.,n.p.,11.0,7.2,63.8,9.3,n.p.,n.p.,n.p.,3.8
NT,Nov 2023,8.7,1.7,n.p.,n.p.,10.4,6.9,69.0,9.3,n.p.,n.p.,n.p.,4.1
NT,Dec 2023,8.7,1.6,n.p.,n.p.,10.2,6.7,56.9,7.6,n.p.,n.p.,n.p.,2.1
NT,Jan 2024,7.5,1.5,n.p.,n.p.,9.0,6.2,49.9,6.4,n.p.,n.p.,n.p.,3.1
NT,Feb 2024,7.7,1.3,n.p.,n.p.,9.1,6.4,51.4,6.7,n.p.,n.p.,n.p.,3.6
NT,Mar 2024,8.0,1.7,n.p.,n.p.,9.7,7.0,54.0,7.3,n.p.,n.p.,n.p.,3.3
NT,Apr 2024,8.6,1.7,n.p.,n.p.,10.3,7.1,59.7,8.6,n.p.,n.p.,n.p.,2.7
NT,May 2024,9.4,1.7,n.p.,n.p.,11.2,7.6,74.9,10.9,n.p.,n.p.,n.p.,4.5
NT,Jun 2024,9.2,1.8,n.p.,n.p.,11.1,7.4,73.9,10.8,n.p.,n.p.,n.p.,4.6
NT,Jul 2024,10.2,2.1,n.p.,n.p.,12.3,7.8,78.5,12.5,n.p.,n.p.,n.p.,3.4
NT,Aug 2024,9.7,1.9,n.p.,n.p.,11.6,7.6,75.1,11.2,n.p.,n.p.,n.p.,4.8
NT,Sep 2024,9.2,1.9,n.p.,n.p.,11.1,7.4,72.7,10.5,n.p.,n.p.,n.p.,4.2
NT,Oct 2024,9.1,1.8,n.p.,n.p.,10.8,7.4,72.2,10.3,n.p.,n.p.,n.p.,4.5
NT,Nov 2024,8.1,1.6,n.p.,n.p.,9.7,6.7,65.5,8.9,n.p.,n.p.,n.p.,2.6
NT,Dec 2024,7.8,2.3,n.p.,n.p.,10.1,7.2,60.3,8.1,n.p.,n.p.,n.p.,3.9
NT,Jan 2025,7.2,1.3,n.p.,n.p.,8.5,5.8,59.5,7.8,n.p.,n.p.,n.p.,3.4
NT,Feb 2025,7.2,1.5,n.p.,n.p.,8.6,5.8,54.0,8.0,n.p.,n.p.,n.p.,2.0
NT,Mar 2025,8.2,1.7,n.p.,n.p.,9.8,6.5,64.4,8.5,n.p.,n.p.,n.p.,3.8
NT,Apr 2025,8.8,1.7,n.p.,n.p.,10.5,6.5,64.6,9.2,n.p.,n.p.,n.p.,4.0
NT,May 2025,8.9,1.9,n.p.,n.p.,10.8,7.0,71.1,10.4,n.p.,n.p.,n.p.,4.7
NT,Jun 2025,9.1,2.0,n.p.,n.p.,11.1,6.8,72.6,11.8,n.p.,n.p.,n.p.,4.5
NT,Jul 2025,9.6,2.1,n.p.,n.p.,11.7,7.0,78.1,12.2,n.p.,n.p.,n.p.,4.7
NT,Aug 2025,9.5,2.1,n.p.,n.p.,11.6,6.8,79.2,12.9,n.p.,n.p.,n.p.,4.7
NT,Sep 2025,9.1,2.0,n.p.,n.p.,11.0,6.4,81.1,12.7,n.p.,n.p.,n.p.,3.2
NT,Oct 2025,9.3,2.1,n.p.,n.p.,11.3,6.7,75.0,9.9,n.p.,n.p.,n.p.,4.6
NT,Nov 2025,7.9,1.8,n.p.,n.p.,9.7,5.9,61.3,7.6,n.p.,n.p.,n.p.,3.9
NT,Dec 2025,8.2,1.8,n.p.,n.p.,9.9,6.3,59.6,6.9,n.p.,n.p.,n.p.,3.2
NT,Jan 2026,7.0,1.5,n.p.,n.p.,8.5,5.6,48.1,6.1,n.p.,n.p.,n.p.,3.5
QLD,Jul 2010,216.0,41.5,35.6,84.8,377.9,271.8,526.6,134.5,74.4,54.7,129.1,97.5
QLD,Aug 2010,211.0,41.8,36.7,85.4,374.9,271.5,523.7,134.2,73.3,51.9,125.2,98.9
QLD,Sep 2010,194.6,39.5,36.1,80.6,350.8,248.8,489.3,126.3,73.6,50.7,124.3,94.6
QLD,Oct 2010,210.9,41.4,38.3,81.7,372.2,267.9,509.4,126.5,76.8,51.3,128.1,93.7
QLD,Nov 2010,210.8,42.2,39.1,81.9,373.9,269.0,504.6,130.3,73.4,53,126.4,90.2
QLD,Dec 2010,205.2,44.4,40.7,83.4,373.7,274.7,409.9,118.8,71.7,52.2,123.9,83.4
QLD,Jan 2011,183.7,38.6,35.3,65.6,323.2,237.5,412.4,110.3,67.4,50.8,118.2,74.5
QLD,Feb 2011,215.4,40.8,35.1,56.6,347.8,254.9,468.4,126.2,63.2,47,110.2,94.4
QLD,Mar 2011,219.8,39.3,35.2,58.5,352.8,257.3,487.0,128.9,74,48.8,122.8,102.6
QLD,Apr 2011,209.0,37.8,36.3,50.1,333.2,239.9,463.1,115.5,74.1,43.8,117.9,94.5
QLD,May 2011,215.7,39.0,36.2,52.1,343.0,249.8,550.6,131.3,79.7,47.9,127.6,106.7
QLD,Jun 2011,214.6,37.5,36.4,49.1,337.7,238.8,549.1,129.5,76.3,46.7,122.9,115.8
QLD,Jul 2011,222.8,42.0,38.4,52.3,355.6,256.0,563.0,133.7,87.1,47.3,134.4,109.3
QLD,Aug 2011,229.3,43.2,41.2,51.6,365.3,265.4,587.6,141.8,85.3,49.7,134.9,105.4
QLD,Sep 2011,173.7,41.7,39.2,45.9,300.4,247.2,584.1,135.0,82.1,48.5,130.6,101.2
QLD,Oct 2011,222.5,43.0,39.9,42,347.4,249.5,586.3,134.8,76.7,49.3,126,100.9
QLD,Nov 2011,237.3,45.8,42.1,39.7,364.9,238.9,623.9,142.2,82.8,47.9,130.7,122.2
QLD,Dec 2011,243.8,46.7,44.4,30.8,365.7,266.2,537.8,133.5,76.6,52.2,128.9,93.7
QLD,Jan 2012,216.3,41.6,41.4,24.8,324.1,233.3,517.2,121.1,78.2,51.8,130,82.5
QLD,Feb 2012,231.3,41.9,41.5,31,345.6,253.7,532.5,135.5,72.5,44.3,116.7,96.5
QLD,Mar 2012,229.3,41.4,42.2,31.3,344.2,248.1,550.6,135.8,77.7,44.2,121.9,98.9
QLD,Apr 2012,213.6,38.6,39.3,28.9,320.4,227.8,560.6,129.8,77.5,46.7,124.3,95.3
QLD,May 2012,228.8,40.5,42.1,32.2,343.6,245.6,620.5,149.5,82.1,46.5,128.5,108.3
QLD,Jun 2012,215.0,38.5,39.9,29.5,323.0,230.4,590.8,136.7,81.6,46.5,128.1,99.9
QLD,Jul 2012,229.0,41.8,43.2,31.9,345.8,245.3,594.9,144.8,85.7,47,132.7,90.6
QLD,Aug 2012,239.2,43.1,44.7,32.2,359.2,254.5,674.2,152.3,89.6,49.1,138.6,95.8
QLD,Sep 2012,216.1,39.6,43.3,28.8,327.9,236.8,632.4,141.5,90.3,48.1,138.5,97.3
QLD,Oct 2012,223.7,40.4,44.2,30.2,338.5,241.2,667.0,151.6,91.8,48.5,140.3,104.3
QLD,Nov 2012,224.6,40.7,45.1,29.3,339.7,244.3,653.4,152.4,84.8,49.8,134.6,104.1
QLD,Dec 2012,233.1,44.4,46.3,29.7,353.6,259.3,577.4,144.7,81.8,49.9,131.7,93.2
QLD,Jan 2013,222.0,39.2,44.5,26.9,332.6,231.5,533.4,134.9,80,54.1,134.1,89.0
QLD,Feb 2013,225.0,38.7,40.4,27.4,331.5,237.2,533.1,134.3,71.9,46.1,118,86.3
QLD,Mar 2013,240.0,40.5,43.8,29,353.3,254.0,572.6,137.5,84.2,49.8,134,88.0
QLD,Apr 2013,224.8,39.5,43.7,27,335.0,234.3,587.4,136.8,83.8,48.2,132,95.5
QLD,May 2013,232.8,40.2,45.8,27.8,346.6,244.4,630.5,144.4,84.4,48.5,132.9,99.1
QLD,Jun 2013,226.2,38.9,41.6,26.1,332.8,236.2,610.2,137.5,81,50.6,131.6,94.3
QLD,Jul 2013,226.6,38.1,40.1,29.2,334.0,248.5,684.8,148.4,96.2,54.2,150.4,103.4
QLD,Aug 2013,225.6,39.6,41.8,30.2,337.2,254.0,682.0,148.0,87.9,55.8,143.7,106.4
QLD,Sep 2013,206.7,36.4,40,27.3,310.4,232.4,652.3,139.8,86.6,52.8,139.5,104.9
QLD,Oct 2013,217.0,37.8,42.1,27.5,324.3,221.7,674.7,148.4,90.8,57.8,148.6,119.6
QLD,Nov 2013,213.2,37.7,42.4,26.2,319.6,243.9,617.0,147.9,76.1,55.2,131.3,119.3
QLD,Dec 2013,218.8,40.5,43.3,26.1,328.6,248.8,581.5,143.4,81.4,62.7,144.2,99.8
QLD,Jan 2014,203.3,35.4,39.2,26.9,304.8,232.5,571.9,138.0,77.2,63.4,140.6,90.0
QLD,Feb 2014,203.1,35.9,37.7,28,304.8,240.3,530.6,139.2,65.3,50.1,115.4,107.0
QLD,Mar 2014,204.5,35.9,40,28.3,308.6,239.9,580.1,145.0,81.8,60.4,142.2,114.6
QLD,Apr 2014,203.1,36.3,40.6,27.3,307.4,236.6,568.3,140.6,84,58.6,142.6,97.8
QLD,May 2014,200.6,35.6,40.7,27.8,304.7,234.5,621.1,153.6,81.4,56.2,137.6,113.6
QLD,Jun 2014,191.7,32.9,39.7,26.9,291.2,225.9,588.7,143.3,81.4,56.1,137.5,102.4
QLD,Jul 2014,212.6,36.0,42.3,31,321.9,242.5,661.0,152.4,84.3,55.3,139.6,100.5
QLD,Aug 2014,212.1,36.8,44.7,30.4,324.0,250.2,627.5,151.4,90.6,61.4,151.9,92.3
QLD,Sep 2014,195.9,34.2,43,27.4,300.5,226.3,619.0,150.4,82.2,57,139.2,106.7
QLD,Oct 2014,203.7,35.5,45.3,28.8,313.3,235.5,651.8,157.3,93.1,59.9,153,104.0
QLD,Nov 2014,200.3,34.8,44.9,28.5,308.5,235.3,607.0,152.7,77.3,60.9,138.2,109.0
QLD,Dec 2014,213.5,38.4,50,30.1,332.0,236.2,549.8,156.3,84.6,65.7,150.2,99.6
QLD,Jan 2015,202.3,35.2,49.9,32.5,320.0,245.8,521.1,155.8,77.7,66.6,144.4,83.5
QLD,Feb 2015,200.3,34.5,44.2,32.2,311.3,242.9,550.0,165.7,69.3,57.9,127.2,94.2
QLD,Mar 2015,213.8,35.7,48.3,33.6,331.4,257.9,599.6,181.6,81.5,61.7,143.3,109.2
QLD,Apr 2015,202.4,34.8,46.9,30.7,314.7,241.6,576.2,172.0,82.8,59.1,141.9,90.6
QLD,May 2015,204.6,35.2,46.9,31.9,318.7,248.4,609.2,190.1,80.3,58.1,138.4,78.7
QLD,Jun 2015,198.6,34.0,44.7,30.6,307.9,237.3,636.8,192.6,81.9,61.1,143,85.8
QLD,Jul 2015,218.2,38.0,48.5,34.3,339.0,263.9,653.2,216.0,89.3,64.5,153.8,117.8
QLD,Aug 2015,209.9,37.3,49.7,32.7,329.6,260.1,623.6,195.3,88.8,63.4,152.2,93.7
QLD,Sep 2015,200.9,34.8,49,30.7,315.4,247.7,610.1,192.4,88.3,61.1,149.4,106.7
QLD,Oct 2015,205.5,37.1,51.2,31.9,325.7,259.9,615.6,195.6,89,64.9,153.9,117.2
QLD,Nov 2015,195.8,34.9,49.8,31,311.5,249.0,579.6,197.9,87.3,60.7,148,114.9
QLD,Dec 2015,210.9,39.1,53.2,33.1,336.3,274.4,550.4,202.7,85.7,65.2,150.9,108.6
QLD,Jan 2016,192.5,34.4,50.8,29.3,306.9,252.5,520.6,179.9,84.9,75.9,160.9,88.5
QLD,Feb 2016,202.3,36.1,51.2,31.5,321.2,266.9,519.2,199.9,77.8,65.1,142.9,106.9
QLD,Mar 2016,199.2,35.2,52.1,31.1,317.6,261.3,559.2,204.3,84.6,64.9,149.6,103.0
QLD,Apr 2016,191.4,34.2,50.1,29.6,305.3,250.1,562.0,198.6,83.6,63.1,146.7,120.1
QLD,May 2016,193.9,33.9,50.7,30.1,308.7,249.0,574.7,199.9,84.4,65.1,149.6,108.4
QLD,Jun 2016,184.9,32.2,46.6,29,292.7,235.3,556.1,195.4,86.8,65.2,152,107.4
QLD,Jul 2016,198.9,35.8,50.4,31.2,316.4,256.4,546.6,194.9,88.3,70.7,159,101.1
QLD,Aug 2016,200.6,37.2,54.4,31.8,324.0,265.1,589.1,203.1,89,70.4,159.4,99.6
QLD,Sep 2016,186.5,33.7,50.7,28.9,299.7,247.0,560.2,197.8,89.2,70.7,159.9,120.5
QLD,Oct 2016,193.9,34.9,52.5,32.8,314.0,261.2,591.0,204.2,92,67.3,159.4,111.4
QLD,Nov 2016,190.1,35.0,51.1,34.8,311.0,259.1,604.0,215.2,88.2,73.2,161.3,97.0
QLD,Dec 2016,195.5,36.1,52.8,38.8,323.1,268.8,547.9,200.0,85.9,79.9,165.8,92.8
QLD,Jan 2017,180.4,33.9,49.3,40.6,304.1,281.9,578.7,190.2,81.4,78.2,159.6,93.9
QLD,Feb 2017,184.9,35.0,48.3,41.9,310.1,287.2,587.7,195.8,71.7,74.3,146,106.2
QLD,Mar 2017,181.7,33.4,49.7,43.2,308.0,285.2,589.7,203.9,85.6,72.7,158.3,95.6
QLD,Apr 2017,171.7,32.7,50.1,41.1,295.5,280.1,607.4,191.8,83.6,74.1,157.6,93.7
QLD,May 2017,177.2,33.0,50.6,44,304.7,291.9,673.0,215.6,80.8,73.6,154.3,104.9
QLD,Jun 2017,166.0,31.8,47.8,42.7,288.2,276.1,709.1,214.9,81.2,72.7,153.9,89.5
QLD,Jul 2017,183.0,36.0,53.4,46.9,319.3,303.6,647.3,226.7,96.8,77,173.8,83.7
QLD,Aug 2017,180.4,35.7,53.6,47.7,317.4,303.4,657.5,231.9,90.6,77.4,168,89.3
QLD,Sep 2017,168.4,33.0,50.9,45.5,297.9,282.5,608.1,214.3,89.5,84.4,173.9,104.7
QLD,Oct 2017,171.1,32.8,50.6,48.7,303.2,288.8,578.5,212.0,88.6,75.9,164.5,109.3
QLD,Nov 2017,172.8,32.5,49,50.4,304.8,288.6,633.6,217.6,84.6,74.6,159.2,115.4
QLD,Dec 2017,180.5,34.9,51.3,51.8,318.4,301.1,577.6,207.2,85.1,86.8,171.9,97.1
QLD,Jan 2018,180.9,33.9,51.2,51.8,317.9,278.6,633.7,203.2,81.3,92.3,173.7,84.7
QLD,Feb 2018,167.2,30.7,47.3,50.4,295.5,258.9,580.3,194.1,68.7,78.2,146.9,94.6
QLD,Mar 2018,183.2,34.0,52.2,55.8,325.2,286.0,654.4,217.0,79.1,84.2,163.3,98.3
QLD,Apr 2018,165.3,30.5,46.6,51,293.3,255.6,648.5,203.8,78.3,85.4,163.6,113.5
QLD,May 2018,178.6,32.0,48.1,56.8,315.5,274.1,727.1,224.4,81,80.9,161.9,115.4
QLD,Jun 2018,172.0,30.6,46.4,55.2,304.2,263.8,699.8,218.7,74.9,82.5,157.4,115.4
QLD,Jul 2018,177.9,32.3,49.7,55.7,315.5,273.2,709.7,226.6,87.7,83,170.7,103.8
QLD,Aug 2018,179.0,33.2,51.2,56.9,320.3,278.7,733.1,228.5,86.6,84.8,171.4,112.5
QLD,Sep 2018,164.1,30.0,46.4,53.2,293.6,255.8,651.5,213.7,82,82.7,164.6,76.8
QLD,Oct 2018,175.3,30.6,45.9,57,308.8,268.8,663.3,220.2,84.2,84.2,168.4,103.8
QLD,Nov 2018,181.4,32.6,51.3,59.3,324.6,282.1,670.2,223.0,84.7,82.5,167.2,98.3
QLD,Dec 2018,173.3,31.8,51.3,55,311.4,266.0,597.8,203.7,80.2,89,169.2,82.4
QLD,Jan 2019,163.0,30.9,50.8,50.8,295.5,252.8,601.3,193.0,79.7,90.4,170.1,88.6
QLD,Feb 2019,156.2,28.7,46.6,49.9,281.4,244.1,559.8,191.7,71.7,75.7,147.4,90.4
QLD,Mar 2019,168.7,31.3,48.9,54.5,303.3,261.2,616.6,209.4,80,80.7,160.7,102.4
QLD,Apr 2019,160.4,29.3,45.9,50.7,286.4,244.0,599.8,195.8,79.6,79.9,159.5,95.0
QLD,May 2019,169.0,30.3,47.3,56,302.5,259.4,679.3,217.5,78.5,72.9,151.4,103.9
QLD,Jun 2019,158.1,28.1,45.8,52,284.0,242.5,644.0,205.8,76.9,76.5,153.4,98.0
QLD,Jul 2019,168.7,30.6,49.4,54.5,303.2,258.3,715.6,218.6,98.4,86.6,185,105.8
QLD,Aug 2019,170.0,30.9,50.6,55.4,306.9,262.2,691.8,221.3,85,83.4,168.4,112.3
QLD,Sep 2019,160.2,29.7,48.3,53.1,291.3,247.8,678.3,218.3,87,79.1,166,104.4
QLD,Oct 2019,166.0,30.1,48.3,56.9,301.3,255.8,684.6,219.0,86.6,80.4,167,104.6
QLD,Nov 2019,165.0,30.4,49.3,57.5,302.2,259.1,665.3,216.1,85.9,75.4,161.3,103.5
QLD,Dec 2019,166.9,30.7,50.1,58,305.7,260.4,621.4,206.5,82.3,88.3,170.6,100.2
QLD,Jan 2020,159.6,29.1,48.2,54.9,291.8,248.3,585.9,196.5,81.2,89.5,170.7,89.7
QLD,Feb 2020,157.6,28.6,47.3,54.5,287.9,247.4,558.3,191.6,68.8,70.9,139.8,85.9
QLD,Mar 2020,154.1,28.8,48.7,50.7,282.4,238.4,646.4,207.0,65.8,52.8,118.6,90.0
QLD,Apr 2020,104.6,18.2,35.7,27.8,186.3,153.4,565.2,150.2,15.4,8.2,23.6,87.1
QLD,May 2020,128.3,24.6,46.2,36.5,235.6,195.3,620.4,186.3,23,7.8,30.8,79.6
QLD,Jun 2020,142.3,26.9,48.3,41.2,258.6,213.2,630.8,200.3,23.9,9.4,33.3,91.6
QLD,Jul 2020,156.0,30.5,56.6,45.2,288.3,240.1,653.5,219.3,38.2,11.6,49.7,87.9
QLD,Aug 2020,152.9,30.1,56,42.2,281.2,232.7,657.6,216.7,38.8,11.3,50.1,84.0
QLD,Sep 2020,154.8,31.0,57,42.5,285.3,236.5,663.1,220.1,40.7,10.5,51.3,91.8
QLD,Oct 2020,160.5,32.0,59,43.3,294.9,246.0,688.4,234.7,42.9,10.6,53.6,91.0
QLD,Nov 2020,157.5,32.4,59.4,49.4,298.6,248.1,683.2,229.2,43.4,12,55.3,90.5
QLD,Dec 2020,164.1,33.3,62.3,51.9,311.4,260.5,599.4,216.9,51.3,19.2,70.5,76.9
QLD,Jan 2021,148.2,30.3,55.9,44.9,279.2,223.1,565.1,194.6,51.5,10.5,62,60.4
QLD,Feb 2021,148.6,29.2,53.9,47.2,278.8,224.5,590.8,198.5,49.8,10,59.8,70.7
QLD,Mar 2021,167.1,32.2,57.2,52.9,309.4,249.0,649.9,214.0,64.6,12.6,77.1,71.0
QLD,Apr 2021,151.0,29.4,52.6,47.5,280.5,220.9,631.1,200.9,65,13.1,78.2,77.5
QLD,May 2021,159.8,30.7,56.4,51.9,298.8,232.4,701.6,209.4,71.8,15,86.8,88.2
QLD,Jun 2021,152.3,29.8,53.5,50.1,285.6,217.5,701.9,204.4,65.7,14.9,80.6,85.9
QLD,Jul 2021,152.7,29.6,52.2,49.5,284.0,224.5,694.2,208.6,62.5,16,78.5,96.1
QLD,Aug 2021,138.4,26.4,47.7,44.2,256.7,200.6,695.4,198.2,39.1,16.2,55.3,84.6
QLD,Sep 2021,150.4,29.5,53,50.2,283.2,223.3,690.1,203.5,45.7,15.2,61,88.8
QLD,Oct 2021,155.5,29.9,52.1,51.9,289.4,230.8,695.3,208.2,46.3,15.7,62,88.1
QLD,Nov 2021,160.7,29.9,50.9,52.1,293.7,235.5,653.3,207.3,53,16.4,69.4,75.5
QLD,Dec 2021,166.2,31.7,54.3,51.1,303.3,242.3,621.2,202.8,65.2,18,83.2,71.6
QLD,Jan 2022,143.1,27.3,47.2,43.5,261.1,206.4,603.7,182.7,64.2,18.7,82.9,65.0
QLD,Feb 2022,139.0,25.7,42.6,44.4,251.8,200.9,594.3,180.8,55.4,19.2,74.5,72.9
QLD,Mar 2022,156.2,28.8,46.5,51.5,283.0,231.2,677.9,205.2,72.8,26.2,98.9,84.1
QLD,Apr 2022,152.7,28.9,47.5,47.9,277.0,224.0,599.7,190.2,84.5,29.7,114.2,69.2
QLD,May 2022,149.2,27.8,45.1,49.6,271.7,217.8,614.0,202.7,81.9,34,115.9,83.6
QLD,Jun 2022,154.2,29.3,45.7,50.8,280.0,225.6,721.6,214.8,83.3,35.1,118.4,106.3
QLD,Jul 2022,155.0,29.1,46.8,50.8,281.7,231.1,647.9,208.6,74.8,36.6,111.4,89.7
QLD,Aug 2022,158.9,31.5,51.7,50.5,292.5,236.3,739.5,216.0,72.5,36.7,109.2,90.4
QLD,Sep 2022,162.9,33.3,53.3,50.7,300.2,244.0,704.3,221.2,81.7,39.2,120.9,92.3
QLD,Oct 2022,152.8,30.6,48.6,50.2,282.2,227.2,662.7,211.2,86.2,42.5,128.6,90.0
QLD,Nov 2022,158.0,31.2,49.2,51.1,289.6,233.7,699.9,220.0,82.6,44,126.5,108.8
QLD,Dec 2022,162.3,33.8,54.2,52.5,302.8,243.4,657.7,210.3,88.2,47,135.2,85.4
QLD,Jan 2023,144.5,29.7,50.9,47.1,272.1,217.2,585.9,191.0,83.4,52.5,136,76.4
QLD,Feb 2023,137.6,28.8,48.4,44.7,259.5,211.9,617.9,209.2,74.2,45.9,120.2,75.3
QLD,Mar 2023,156.5,33.0,54.5,50.6,294.5,240.2,692.3,230.1,93.5,44,137.5,97.8
QLD,Apr 2023,142.6,28.3,50.7,46.9,268.4,216.1,650.4,209.8,88.9,51.9,140.9,87.1
QLD,May 2023,151.0,31.3,53.8,49.9,286.0,232.0,725.1,230.4,88.3,55,143.3,91.8
QLD,Jun 2023,140.8,29.6,51.2,46.4,268.0,215.1,711.1,215.0,90.8,59.1,149.8,99.0
QLD,Jul 2023,142.3,29.0,53.1,46.2,270.6,217.4,709.3,211.7,95.2,62.9,158.1,76.0
QLD,Aug 2023,146.3,29.6,52.1,46.7,274.7,223.0,760.9,219.5,88.8,62.3,151.1,96.7
QLD,Sep 2023,143.9,29.6,50.9,47.8,272.2,219.1,726.6,210.0,81.9,60.1,142,81.2
QLD,Oct 2023,147.9,30.1,52.9,50.6,281.5,226.0,755.0,216.3,91.8,61.6,153.4,93.3
QLD,Nov 2023,146.0,30.2,52.9,49.3,278.4,226.2,694.7,211.1,85.2,62.8,148,89.7
QLD,Dec 2023,148.0,31.8,55.3,47.8,282.9,230.9,639.3,199.0,84.7,72.9,157.7,83.4
QLD,Jan 2024,150.4,32.1,56.6,49.5,288.7,229.5,655.6,191.0,84.6,70.7,155.3,79.2
QLD,Feb 2024,145.4,30.5,51.9,49.5,277.3,224.4,657.1,194.4,82.9,66,148.8,83.5
QLD,Mar 2024,153.9,32.4,56.3,52.3,294.8,237.0,705.9,206.7,83.2,69.3,152.4,79.3
QLD,Apr 2024,143.6,29.7,51.7,46.1,271.0,218.1,691.8,197.0,89.8,66.3,156.1,71.1
QLD,May 2024,153.8,32.6,58,51.2,295.6,235.1,810.8,214.2,86.3,67.6,153.9,84.9
QLD,Jun 2024,143.8,29.7,53.6,46.1,273.2,217.8,730.1,202.2,83.5,68.4,151.8,86.2
QLD,Jul 2024,152.3,31.6,58,49.2,291.2,233.8,762.8,216.1,99.5,69.1,168.5,88.1
QLD,Aug 2024,152.3,32.1,59.1,48.1,291.6,235.8,748.3,215.2,90.6,67.6,158.2,90.4
QLD,Sep 2024,143.5,30.6,58.1,43.5,275.7,222.9,765.8,211.5,89.8,67.5,157.3,78.9
QLD,Oct 2024,152.1,32.0,61.1,46.2,291.4,233.3,803.0,221.3,89.4,71.4,160.7,84.8
QLD,Nov 2024,149.5,31.4,59.4,46.4,286.7,229.5,762.7,210.8,81,76,157,88.5
QLD,Dec 2024,151.2,31.7,61.2,45,289.2,229.2,676.6,199.0,81,86.5,167.5,79.3
QLD,Jan 2025,143.7,30.2,57.4,42.2,273.5,211.4,675.7,190.7,89.8,85.4,175.2,74.7
QLD,Feb 2025,130.1,26.7,51.9,37.7,246.5,194.1,606.6,185.7,85.8,76.2,161.9,69.2
QLD,Mar 2025,138.8,28.9,54.4,40.5,262.6,208.1,667.9,194.4,83,67.6,150.6,68.1
QLD,Apr 2025,141.8,29.8,57,39.8,268.4,214.0,668.0,195.2,91.2,73.5,164.7,70.2
QLD,May 2025,143.0,29.8,59.7,41.1,273.6,215.7,769.4,216.3,98.2,71.4,169.6,80.2
QLD,Jun 2025,137.7,28.8,57.8,40.4,264.7,207.4,770.9,208.8,92.2,73.4,165.6,83.4
QLD,Jul 2025,143.6,30.6,61.1,42.1,277.4,217.7,789.9,220.9,100.7,81.2,181.9,84.2
QLD,Aug 2025,141.6,30.2,61.2,41.4,274.4,217.1,765.8,214.6,97.7,81.2,178.9,82.3
QLD,Sep 2025,139.9,30.0,60,41.1,271.0,212.8,773.2,216.0,97.2,80.3,177.5,83.7
QLD,Oct 2025,150.9,33.3,65,43.8,293.0,229.5,814.5,224.2,97.3,79.2,176.5,82.9
QLD,Nov 2025,145.7,32.0,61.5,43.6,282.8,219.6,738.5,209.8,90.4,81.1,171.5,75.6
QLD,Dec 2025,149.3,32.6,64.8,42.4,289.0,221.7,723.1,204.5,95.4,101.2,196.6,80.6
QLD,Jan 2026,140.5,30.2,59.7,39.3,269.7,207.4,638.3,190.7,87.5,93.2,180.8,81.7
SA,Jul 2010,96.2,8.1,9.1,n.p.,113.4,85.2,115.8,26.3,n.p.,n.p.,18.7,44.1
SA,Aug 2010,95.9,8.1,9.6,n.p.,113.6,86.3,116.1,26.1,14.6,3.1,17.6,40.8
SA,Sep 2010,90.7,7.1,9.4,n.p.,107.3,79.3,116.6,25.0,14.8,3.2,18,41.8
SA,Oct 2010,89.7,7.4,9.6,n.p.,106.6,77.1,124.7,24.7,14.3,3.1,17.5,45.9
SA,Nov 2010,91.6,7.3,10.4,n.p.,109.3,80.8,137.7,25.6,14.7,3.4,18.2,41.5
SA,Dec 2010,99.3,8.3,10.5,n.p.,118.1,87.3,141.6,26.3,14.7,5.6,20.3,37.3
SA,Jan 2011,86.6,7.7,9.6,n.p.,103.9,77.0,119.6,22.2,14.2,6.8,21,35.3
SA,Feb 2011,92.5,7.1,8.8,n.p.,108.3,81.7,118.8,25.8,12.7,6.8,19.5,37.1
SA,Mar 2011,96.2,8.0,9.9,n.p.,114.1,84.4,138.3,28.6,15.4,7.2,22.6,39.2
SA,Apr 2011,90.4,7.0,9.6,n.p.,107.0,77.5,127.0,26.7,14.8,7.5,22.4,38.4
SA,May 2011,90.3,7.1,9.4,n.p.,106.8,78.4,138.5,28.3,15.3,8,23.2,42.2
SA,Jun 2011,88.5,6.8,8.8,n.p.,104.2,75.9,129.1,27.2,12.7,7.4,20.1,41.2
SA,Jul 2011,92.8,7.5,9.4,n.p.,109.6,80.5,117.3,27.7,14.2,7.1,21.3,39.1
SA,Aug 2011,95.3,7.8,10.4,n.p.,113.4,83.1,119.6,28.0,16.3,7.1,23.4,39.3
SA,Sep 2011,91.6,7.6,10.4,n.p.,109.6,79.2,121.4,27.1,14.9,7,22,36.6
SA,Oct 2011,88.2,7.3,10.1,n.p.,105.5,76.0,122.6,26.4,15.3,6.5,21.7,34.6
SA,Nov 2011,96.0,7.8,10.8,n.p.,114.6,110.1,141.7,28.7,14.2,7.7,21.9,39.1
SA,Dec 2011,96.9,8.5,11.9,n.p.,117.3,86.1,130.3,27.5,14.4,10.1,24.6,35.1
SA,Jan 2012,86.6,7.2,10.8,n.p.,104.6,75.7,116.8,26.2,14,9.4,23.4,33.5
SA,Feb 2012,92.2,7.5,10.7,n.p.,110.4,80.7,131.0,28.2,14.1,7.5,21.5,36.1
SA,Mar 2012,90.8,7.6,11.6,n.p.,110.1,81.0,136.9,30.6,14.8,8.1,23,37.5
SA,Apr 2012,85.8,6.9,10.4,n.p.,103.1,74.4,126.5,27.0,14,7.2,21.2,33.3
SA,May 2012,94.6,7.5,10.7,n.p.,112.8,81.1,149.5,30.6,13.7,7.7,21.4,38.5
SA,Jun 2012,86.2,6.8,10.1,n.p.,103.2,75.1,127.6,28.6,12.8,7.1,19.9,36.1
SA,Jul 2012,91.6,6.7,11.1,n.p.,109.4,80.5,119.4,30.6,14.5,7.1,21.6,32.9
SA,Aug 2012,92.8,7.3,11.2,n.p.,111.3,82.9,122.1,32.7,14.5,7.8,22.3,33.7
SA,Sep 2012,85.0,6.9,10.6,n.p.,102.5,76.4,114.0,29.0,14.4,6.9,21.3,29.9
SA,Oct 2012,89.3,7.2,11.3,n.p.,107.8,79.1,132.4,31.2,15.4,7.8,23.3,32.4
SA,Nov 2012,93.6,7.2,11.8,n.p.,112.5,83.2,146.7,31.7,14.5,10.7,25.2,32.6
SA,Dec 2012,91.5,7.8,12.1,n.p.,111.5,83.0,125.0,29.3,14.8,10.9,25.6,32.2
SA,Jan 2013,86.1,6.8,12.4,n.p.,105.3,80.9,127.2,32.8,15,10.7,25.7,32.2
SA,Feb 2013,84.3,6.8,10.9,n.p.,101.9,82.2,127.3,36.7,13.7,11.9,25.6,33.0
SA,Mar 2013,91.3,7.4,12.2,n.p.,110.9,86.7,135.2,38.4,14.7,12.1,26.8,35.4
SA,Apr 2013,86.0,7.0,12,n.p.,105.0,82.4,142.5,38.0,14.6,11.8,26.5,33.2
SA,May 2013,87.1,7.1,12.1,n.p.,106.3,81.9,155.3,40.9,14.7,11.5,26.2,34.4
SA,Jun 2013,86.8,7.1,10.8,n.p.,104.7,83.9,126.7,38.3,13.9,11.1,25,30.9
SA,Jul 2013,89.8,7.3,11.1,n.p.,108.2,84.9,138.2,41.0,n.p.,n.p.,24,30.9
SA,Aug 2013,93.8,7.7,11.3,n.p.,112.9,87.7,136.7,40.3,n.p.,n.p.,23.5,32.8
SA,Sep 2013,86.7,7.1,11,n.p.,104.9,81.9,133.8,38.7,n.p.,n.p.,24.4,29.9
SA,Oct 2013,89.0,7.3,11.5,n.p.,107.8,83.4,162.2,44.3,n.p.,n.p.,25.1,34.2
SA,Nov 2013,91.0,7.5,12.3,n.p.,110.9,87.3,171.7,43.4,n.p.,n.p.,26.4,34.0
SA,Dec 2013,91.3,7.9,12.4,n.p.,111.6,87.6,148.7,40.6,n.p.,n.p.,27.5,28.8
SA,Jan 2014,86.7,7.4,11.5,n.p.,105.6,82.1,139.1,40.5,n.p.,n.p.,27.3,29.8
SA,Feb 2014,85.4,7.6,10.9,n.p.,103.9,82.8,141.5,41.0,n.p.,n.p.,22.5,31.4
SA,Mar 2014,86.3,7.5,11.7,n.p.,105.6,82.8,150.1,43.0,n.p.,n.p.,27,33.2
SA,Apr 2014,88.0,7.5,12.3,n.p.,107.8,84.0,151.7,42.3,17.8,9.3,27.1,30.5
SA,May 2014,86.7,7.5,11.7,n.p.,105.8,82.5,169.3,44.7,n.p.,n.p.,26.6,32.5
SA,Jun 2014,80.3,6.5,10.6,n.p.,97.4,76.4,137.2,40.0,n.p.,n.p.,26.2,29.0
SA,Jul 2014,88.8,7.4,11.9,n.p.,108.1,86.1,135.9,42.2,n.p.,n.p.,26.4,26.9
SA,Aug 2014,92.3,7.5,12.2,n.p.,112.0,89.2,131.4,39.6,n.p.,n.p.,27.5,26.7
SA,Sep 2014,82.9,6.9,11.7,n.p.,101.6,79.2,132.8,39.5,17.1,8.6,25.7,26.0
SA,Oct 2014,89.0,7.5,12.8,n.p.,109.2,86.2,151.3,45.0,n.p.,n.p.,28.9,28.0
SA,Nov 2014,82.5,7.1,12.3,n.p.,101.9,81.4,159.2,43.5,n.p.,n.p.,26.3,24.3
SA,Dec 2014,93.1,7.9,13.9,n.p.,115.0,92.7,143.6,44.5,n.p.,n.p.,30.3,26.9
SA,Jan 2015,83.7,7.2,13.8,n.p.,104.7,84.4,133.0,41.5,n.p.,n.p.,28.2,23.8
SA,Feb 2015,81.6,7.2,12.4,n.p.,101.2,83.8,142.5,45.3,n.p.,n.p.,26.3,24.4
SA,Mar 2015,86.4,7.3,13.1,n.p.,106.8,87.2,144.5,52.1,15.6,12.2,27.8,27.8
SA,Apr 2015,82.0,7.0,12.4,n.p.,101.3,81.4,144.6,48.8,n.p.,n.p.,27.9,23.2
SA,May 2015,82.9,7.2,12.5,n.p.,102.6,84.7,146.3,51.8,n.p.,n.p.,26.7,23.2
SA,Jun 2015,81.6,6.9,11.9,n.p.,100.3,80.1,135.9,48.0,14.3,12,26.4,22.5
SA,Jul 2015,86.2,7.4,12.7,n.p.,106.3,86.6,133.7,51.4,n.p.,n.p.,28.1,25.1
SA,Aug 2015,85.9,7.7,13.2,n.p.,106.8,87.6,128.3,50.6,14.8,11.2,26,23.9
SA,Sep 2015,82.4,7.2,13.3,n.p.,102.9,82.8,139.3,52.9,n.p.,n.p.,26.9,23.5
SA,Oct 2015,85.0,7.7,13.5,n.p.,106.2,85.7,147.7,53.9,16.9,11.9,28.8,24.5
SA,Nov 2015,82.2,7.2,13.3,n.p.,102.8,82.8,161.0,51.1,16.4,11.6,28,25.5
SA,Dec 2015,91.9,8.4,14.8,n.p.,115.1,92.1,144.0,50.6,15,12.9,27.9,24.4
SA,Jan 2016,79.6,7.5,13.9,n.p.,101.0,81.5,129.9,45.5,n.p.,n.p.,28.6,22.6
SA,Feb 2016,83.8,7.7,13.3,n.p.,104.8,86.3,145.1,51.3,14.1,10.8,24.9,27.5
SA,Mar 2016,84.5,7.9,14.4,n.p.,106.8,87.7,143.6,53.1,16.8,11.1,28,27.6
SA,Apr 2016,79.5,7.4,13.1,n.p.,100.0,82.5,137.7,51.2,n.p.,n.p.,25.7,29.2
SA,May 2016,80.5,7.2,13,n.p.,100.7,82.2,146.9,52.4,15.9,13.1,29,28.4
SA,Jun 2016,80.3,7.4,12.9,n.p.,100.5,83.6,132.1,49.1,14.8,12.5,27.4,28.1
SA,Jul 2016,84.8,7.9,13.6,n.p.,106.3,88.3,129.5,48.9,14.9,14,28.9,27.3
SA,Aug 2016,83.1,7.8,14.1,n.p.,105.0,86.8,130.1,50.6,16.1,12.4,28.5,24.1
SA,Sep 2016,78.1,7.1,12.9,n.p.,98.0,81.4,120.3,52.7,15.6,12.9,28.5,22.8
SA,Oct 2016,82.5,7.2,13.9,n.p.,103.6,85.3,132.4,49.6,15.3,12.9,28.2,25.0
SA,Nov 2016,86.2,8.8,14.5,n.p.,109.5,91.1,154.6,51.3,16.4,11.4,27.8,21.7
SA,Dec 2016,86.5,8.4,14.4,n.p.,109.4,91.0,152.2,49.8,15.5,14.6,30,24.0
SA,Jan 2017,83.6,7.8,13.6,n.p.,105.1,85.0,135.0,50.0,15.3,14.5,29.8,20.9
SA,Feb 2017,80.3,7.5,12.4,n.p.,100.2,83.0,132.6,50.4,14.2,12.3,26.5,22.1
SA,Mar 2017,87.2,8.3,14.3,n.p.,109.7,90.1,148.7,52.2,17.8,13,30.8,23.6
SA,Apr 2017,76.3,7.2,13,n.p.,96.5,79.5,136.1,49.9,14.9,13.4,28.2,21.8
SA,May 2017,86.6,8.5,14.4,n.p.,109.5,91.0,162.4,55.4,14.7,13,27.7,24.7
SA,Jun 2017,82.1,7.5,13.2,n.p.,102.7,85.4,139.3,52.2,14.2,12.9,27,30.0
SA,Jul 2017,83.0,8.2,13.9,n.p.,105.1,88.4,128.7,52.2,15.3,13.5,28.9,23.0
SA,Aug 2017,80.6,7.7,13.1,n.p.,101.4,83.3,135.1,53.4,15.8,13.2,29,24.0
SA,Sep 2017,80.2,7.6,13.3,n.p.,101.2,82.8,137.2,53.8,15.5,14,29.5,21.7
SA,Oct 2017,83.2,7.8,14,n.p.,104.9,85.6,150.1,56.8,16.9,13.6,30.5,21.7
SA,Nov 2017,82.4,7.5,13.2,n.p.,103.1,83.6,165.8,56.8,16.6,12.8,29.4,21.4
SA,Dec 2017,90.3,8.5,14,n.p.,112.8,91.4,149.5,53.7,16.7,16.3,33,20.8
SA,Jan 2018,83.8,8.0,13.5,n.p.,105.3,85.4,146.4,51.2,15.5,15.8,31.3,20.8
SA,Feb 2018,77.4,7.2,11.8,n.p.,96.4,78.6,145.6,50.6,15.6,11.1,26.6,18.8
SA,Mar 2018,86.1,8.0,13.8,n.p.,107.9,87.8,163.7,58.0,18,11.8,29.8,20.9
SA,Apr 2018,78.7,7.7,12.6,n.p.,99.1,79.2,156.9,52.9,17.5,12.1,29.6,20.9
SA,May 2018,84.5,7.7,12.4,n.p.,104.6,84.5,176.1,56.5,16.6,11.6,28.3,25.0
SA,Jun 2018,81.2,7.4,11.8,n.p.,100.5,81.9,149.2,53.8,14.8,11.4,26.2,21.0
SA,Jul 2018,81.7,7.2,12.1,n.p.,100.9,81.4,149.7,56.1,n.p.,n.p.,29.4,21.8
SA,Aug 2018,84.1,7.8,12.7,n.p.,104.6,85.1,149.8,56.3,n.p.,n.p.,28.8,21.2
SA,Sep 2018,78.9,7.0,11.3,n.p.,97.2,78.3,141.8,53.9,n.p.,n.p.,29,19.8
SA,Oct 2018,83.8,7.5,12,n.p.,103.3,81.9,159.0,56.5,n.p.,n.p.,30.2,22.2
SA,Nov 2018,88.3,7.8,12.7,n.p.,108.7,86.7,164.3,55.9,n.p.,n.p.,31.3,20.3
SA,Dec 2018,84.6,7.6,13.4,n.p.,105.7,85.3,146.0,51.7,n.p.,n.p.,32.6,16.5
SA,Jan 2019,75.1,7.3,12.9,n.p.,95.3,76.5,139.0,47.0,17.3,13.6,30.9,18.1
SA,Feb 2019,70.7,6.9,11.3,n.p.,88.9,71.4,134.5,46.0,15.9,12.2,28.1,20.0
SA,Mar 2019,78.9,7.8,12.5,n.p.,99.2,79.9,146.5,49.6,16.5,12.3,28.8,21.3
SA,Apr 2019,73.9,7.2,11.8,n.p.,92.9,74.3,145.5,47.9,16.2,12.3,28.5,17.7
SA,May 2019,76.9,7.4,11.2,n.p.,95.5,77.2,161.7,51.6,16.5,11.4,27.8,20.6
SA,Jun 2019,76.2,7.1,11.3,n.p.,94.6,78.2,140.4,49.0,15.4,12,27.4,21.1
SA,Jul 2019,78.4,7.2,10.6,n.p.,96.2,72.9,143.6,51.3,17.5,12.2,29.6,21.2
SA,Aug 2019,84.5,7.7,11.9,n.p.,104.2,78.6,142.7,49.0,n.p.,n.p.,29.3,21.5
SA,Sep 2019,76.6,6.9,10.7,n.p.,94.2,70.4,149.8,48.9,16.8,12.3,29.1,18.7
SA,Oct 2019,84.7,7.4,11.6,n.p.,103.7,78.4,159.6,53.2,18.3,12.4,30.8,19.3
SA,Nov 2019,81.7,7.2,11,n.p.,100.0,75.8,166.7,53.6,17.9,11.5,29.3,18.7
SA,Dec 2019,83.5,7.8,12.1,n.p.,103.5,77.9,146.6,52.3,17.6,13.9,31.5,16.2
SA,Jan 2020,79.3,7.2,11.7,n.p.,98.2,79.9,140.9,55.2,18.3,13.7,32,17.5
SA,Feb 2020,75.8,7.0,11.1,n.p.,93.9,79.5,144.9,58.0,18.1,10.1,28.1,17.5
SA,Mar 2020,78.7,7.6,13.5,n.p.,99.8,85.4,169.6,61.3,14.9,7,21.9,19.7
SA,Apr 2020,48.8,4.0,8,n.p.,60.8,52.2,134.2,45.9,3.3,0.3,3.6,17.9
SA,May 2020,60.6,6.2,10.7,n.p.,77.5,68.6,157.0,57.9,3.4,0.6,4,21.6
SA,Jun 2020,68.0,6.5,11.1,n.p.,85.6,74.5,140.9,56.1,3.4,1,4.3,21.6
SA,Jul 2020,77.0,7.5,12.6,n.p.,97.1,82.6,139.2,57.1,n.p.,n.p.,5.4,20.8
SA,Aug 2020,73.6,7.5,12.7,n.p.,93.9,81.2,135.7,57.2,5.9,1.6,7.5,19.6
SA,Sep 2020,72.3,7.5,12.9,n.p.,92.7,80.9,140.4,60.3,8.2,1.6,9.8,19.6
SA,Oct 2020,75.3,7.3,13,n.p.,95.6,83.0,152.6,61.6,7.3,2,9.4,20.9
SA,Nov 2020,67.9,6.9,12.1,n.p.,86.9,72.9,167.4,58.4,n.p.,n.p.,10.1,17.6
SA,Dec 2020,77.6,8.5,14.9,n.p.,100.9,93.8,151.8,66.1,n.p.,n.p.,12.2,17.0
SA,Jan 2021,69.3,7.8,13.4,n.p.,90.6,80.7,138.7,57.7,n.p.,n.p.,12.8,14.8
SA,Feb 2021,65.1,7.2,11.9,n.p.,84.2,75.6,144.7,56.2,9.3,2.3,11.6,18.1
SA,Mar 2021,75.5,8.4,13.6,n.p.,97.5,87.0,166.4,66.9,n.p.,n.p.,15.6,20.7
SA,Apr 2021,69.0,7.7,12.6,n.p.,89.3,79.7,157.4,60.1,n.p.,n.p.,16,20.1
SA,May 2021,71.4,7.9,12.7,n.p.,92.0,82.4,162.0,61.4,n.p.,n.p.,17.3,23.3
SA,Jun 2021,68.5,7.3,11.9,n.p.,87.7,79.4,159.9,58.3,n.p.,n.p.,14.9,21.4
SA,Jul 2021,56.1,6.1,9.4,n.p.,71.6,63.8,146.6,55.9,9.6,2.7,12.4,20.1
SA,Aug 2021,69.6,7.8,12.3,n.p.,89.6,82.9,148.1,59.4,8.6,2.7,11.3,20.0
SA,Sep 2021,65.8,7.3,11.4,n.p.,84.5,77.7,150.5,58.5,10.1,2.5,12.6,20.1
SA,Oct 2021,67.2,7.1,11.1,n.p.,85.3,78.7,156.9,58.4,11.4,2.8,14.2,19.3
SA,Nov 2021,73.8,8.0,11.8,n.p.,93.6,83.2,162.0,62.3,n.p.,n.p.,14,19.6
SA,Dec 2021,76.4,8.3,13.2,n.p.,98.0,86.4,171.2,62.2,n.p.,n.p.,18,15.5
SA,Jan 2022,64.5,6.8,10.6,n.p.,82.0,70.4,137.8,54.0,12.2,5.7,17.9,14.9
SA,Feb 2022,65.3,6.9,10.1,n.p.,82.3,72.6,158.3,60.7,11.2,5.2,16.4,16.5
SA,Mar 2022,71.9,7.8,10.1,n.p.,89.8,78.2,174.9,64.1,15.1,5.8,20.9,21.4
SA,Apr 2022,66.1,7.1,10.8,n.p.,84.0,72.6,151.5,57.9,17.9,5.7,23.5,19.4
SA,May 2022,69.6,7.4,10.2,n.p.,87.2,71.9,174.7,60.3,17.4,5.8,23.2,22.1
SA,Jun 2022,67.3,7.1,9.6,n.p.,84.0,72.3,170.2,62.1,15.8,5.7,21.4,22.0
SA,Jul 2022,71.6,7.6,10.5,n.p.,89.6,79.2,161.2,64.3,10.1,7.7,17.8,22.6
SA,Aug 2022,68.0,7.3,10.3,n.p.,85.6,75.6,156.7,64.4,11.3,6.7,18,21.7
SA,Sep 2022,70.4,7.8,10.9,n.p.,89.1,76.3,156.0,61.6,16.1,5.9,22,20.4
SA,Oct 2022,68.8,7.3,10.9,n.p.,87.0,76.6,148.9,57.7,n.p.,n.p.,24.6,20.4
SA,Nov 2022,68.7,7.4,10.5,n.p.,86.7,75.3,172.2,65.3,17.3,8.4,25.7,20.5
SA,Dec 2022,76.1,8.4,12.4,n.p.,96.9,83.7,189.1,64.2,17.4,8.8,26.2,16.3
SA,Jan 2023,67.4,7.6,12.6,n.p.,87.7,75.6,164.7,60.9,18.9,11.1,30,16.7
SA,Feb 2023,67.2,7.3,11.4,n.p.,85.9,75.1,153.0,63.0,16.9,9.7,26.6,17.1
SA,Mar 2023,72.7,8.2,13.3,n.p.,94.2,85.3,175.4,73.2,n.p.,n.p.,30.3,19.3
SA,Apr 2023,64.7,7.3,11.7,n.p.,83.8,75.5,160.5,63.0,18.8,6,24.8,18.1
SA,May 2023,70.1,8.0,12.7,n.p.,90.8,82.6,191.4,66.7,18.5,11.2,29.7,23.7
SA,Jun 2023,64.5,7.0,11.6,n.p.,83.2,76.4,163.8,62.6,16.2,10.9,27.1,19.6
SA,Jul 2023,65.0,7.4,12.3,n.p.,84.7,77.7,153.7,60.8,18.6,11.6,30.2,21.2
SA,Aug 2023,69.6,8.1,12.4,n.p.,90.0,83.5,163.5,62.7,19.1,10.9,30,18.4
SA,Sep 2023,64.3,7.0,11.5,n.p.,82.8,75.4,155.0,60.3,18.3,8.3,26.6,16.7
SA,Oct 2023,70.2,7.9,12.5,n.p.,90.6,83.7,177.6,63.7,19.6,9.1,28.7,16.4
SA,Nov 2023,68.8,8.1,12.9,n.p.,89.7,84.0,179.7,66.4,19,9.7,28.7,17.8
SA,Dec 2023,65.8,8.0,13.2,n.p.,87.0,79.8,153.4,61.2,18.2,10.8,29,13.0
SA,Jan 2024,66.8,7.7,13.2,n.p.,87.7,80.6,156.7,62.0,19.3,11,30.3,15.6
SA,Feb 2024,68.3,7.7,12.2,n.p.,88.3,80.8,159.9,62.9,18.4,9.2,27.6,15.2
SA,Mar 2024,68.0,8.2,13.2,n.p.,89.4,80.8,167.9,68.6,19.8,10.2,30,15.1
SA,Apr 2024,63.4,8.0,12.7,n.p.,84.1,76.3,173.9,64.7,20.2,7.5,27.7,17.5
SA,May 2024,72.5,8.5,13.3,n.p.,94.3,84.9,182.9,67.2,20.2,6.9,27.1,23.1
SA,Jun 2024,62.0,7.4,11.8,n.p.,81.2,73.9,161.3,63.1,17.5,7.9,25.3,21.0
SA,Jul 2024,66.9,8.0,12.5,n.p.,87.4,79.0,157.4,65.4,20.1,4.7,24.8,21.0
SA,Aug 2024,68.3,8.0,13,n.p.,89.2,79.5,162.2,63.7,18.4,11.4,29.8,17.6
SA,Sep 2024,63.9,7.8,13.1,n.p.,84.8,76.7,155.1,61.5,17.7,7.7,25.4,18.3
SA,Oct 2024,65.1,7.8,13.8,n.p.,86.7,77.1,174.3,66.6,19.9,7.2,27.1,19.2
SA,Nov 2024,67.0,8.4,13.4,n.p.,88.9,80.1,171.4,61.7,18.3,10.3,28.6,16.1
SA,Dec 2024,64.3,7.8,13.9,n.p.,85.9,74.9,151.7,61.0,18.8,11.6,30.4,14.2
SA,Jan 2025,62.5,8.5,13.6,n.p.,84.6,75.4,145.7,58.4,20.2,11,31.2,14.7
SA,Feb 2025,58.0,6.2,13.8,n.p.,78.0,69.5,142.1,56.4,17.2,10.2,27.4,15.0
SA,Mar 2025,63.2,8.5,13.6,n.p.,85.2,76.3,152.3,64.2,20.5,10.8,31.4,16.8
SA,Apr 2025,60.5,8.1,13.7,n.p.,82.3,69.9,158.6,61.2,17.6,11.1,28.8,16.7
SA,May 2025,58.1,8.0,12.8,n.p.,78.8,67.2,169.2,65.4,18,11.6,29.6,20.2
SA,Jun 2025,55.5,7.2,12.2,n.p.,75.0,63.6,162.0,59.4,18.3,10.6,29,21.7
SA,Jul 2025,58.7,7.8,12.9,n.p.,79.4,67.7,152.0,61.9,18.7,10.7,29.5,22.1
SA,Aug 2025,61.5,8.3,13.5,n.p.,83.3,71.9,143.5,63.4,19.2,10.3,29.5,19.6
SA,Sep 2025,57.8,7.7,12.7,n.p.,78.2,67.1,143.0,62.1,19.3,11.1,30.4,22.3
SA,Oct 2025,62.9,8.7,14.1,n.p.,85.7,73.4,164.1,65.2,21.1,11.4,32.5,19.9
SA,Nov 2025,57.7,8.0,13.1,n.p.,78.7,67.2,164.6,61.9,20.3,10.5,30.8,17.7
SA,Dec 2025,64.2,8.7,14.8,n.p.,87.7,74.8,172.1,61.8,19.4,12.8,32.2,16.7
SA,Jan 2026,61.1,8.7,14.4,n.p.,84.2,72.0,151.5,59.7,18.8,13.2,32,15.3
TAS,Jul 2010,28.9,4.8,n.p.,n.p.,33.7,17.1,32.1,2.9,n.p.,n.p.,n.p.,7.2
TAS,Aug 2010,28.1,4.1,n.p.,n.p.,32.3,17.1,30.3,2.8,n.p.,n.p.,n.p.,6.9
TAS,Sep 2010,26.0,3.9,n.p.,n.p.,29.9,14.8,29.8,2.5,n.p.,n.p.,n.p.,7.1
TAS,Oct 2010,27.3,3.9,n.p.,n.p.,31.2,15.2,34.4,2.5,n.p.,n.p.,n.p.,7.6
TAS,Nov 2010,29.6,4.5,n.p.,n.p.,34.1,17.5,36.6,3.0,n.p.,n.p.,n.p.,7.7
TAS,Dec 2010,31.4,5.0,n.p.,n.p.,36.4,19.3,35.3,3.4,n.p.,n.p.,n.p.,8.3
TAS,Jan 2011,28.0,4.3,n.p.,n.p.,32.3,16.2,33.0,3.0,n.p.,n.p.,n.p.,7.4
TAS,Feb 2011,28.4,4.3,n.p.,n.p.,32.7,17.0,37.2,3.3,n.p.,n.p.,n.p.,8.9
TAS,Mar 2011,29.8,4.5,n.p.,n.p.,34.3,17.4,36.1,3.3,n.p.,n.p.,n.p.,8.0
TAS,Apr 2011,27.8,3.9,n.p.,n.p.,31.7,15.6,30.7,2.8,n.p.,n.p.,n.p.,6.8
TAS,May 2011,26.9,4.0,n.p.,n.p.,30.9,15.8,31.2,2.9,n.p.,n.p.,n.p.,7.6
TAS,Jun 2011,25.4,3.8,n.p.,n.p.,29.2,14.7,28.2,2.6,n.p.,n.p.,n.p.,7.0
TAS,Jul 2011,26.5,3.9,n.p.,n.p.,30.4,16.3,29.7,2.9,n.p.,n.p.,n.p.,6.9
TAS,Aug 2011,28.0,4.1,n.p.,n.p.,32.1,17.4,30.3,3.1,n.p.,n.p.,n.p.,6.6
TAS,Sep 2011,26.1,4.0,n.p.,n.p.,30.1,14.9,30.5,2.8,n.p.,n.p.,n.p.,6.6
TAS,Oct 2011,26.9,4.0,n.p.,n.p.,31.0,15.7,34.0,2.9,n.p.,n.p.,n.p.,6.4
TAS,Nov 2011,30.1,4.4,n.p.,n.p.,34.5,17.1,34.9,3.2,n.p.,n.p.,n.p.,7.1
TAS,Dec 2011,31.9,4.8,n.p.,n.p.,36.7,18.2,34.4,3.7,n.p.,n.p.,n.p.,8.1
TAS,Jan 2012,28.7,4.5,n.p.,n.p.,33.1,15.9,34.9,3.4,n.p.,n.p.,n.p.,9.0
TAS,Feb 2012,29.0,4.6,n.p.,n.p.,33.6,16.4,35.4,3.6,n.p.,n.p.,n.p.,8.8
TAS,Mar 2012,29.3,4.5,n.p.,n.p.,33.8,16.0,36.3,3.4,n.p.,n.p.,n.p.,7.6
TAS,Apr 2012,25.1,3.7,n.p.,n.p.,28.7,14.1,30.1,2.9,n.p.,n.p.,n.p.,6.2
TAS,May 2012,26.4,4.3,n.p.,n.p.,30.7,15.6,31.8,3.1,n.p.,n.p.,n.p.,6.8
TAS,Jun 2012,24.3,3.7,n.p.,n.p.,28.0,13.6,28.2,2.7,n.p.,n.p.,n.p.,6.6
TAS,Jul 2012,26.6,4.2,n.p.,n.p.,30.8,15.7,30.0,3.1,n.p.,n.p.,n.p.,6.0
TAS,Aug 2012,26.5,4.4,n.p.,n.p.,30.9,16.2,30.9,3.3,n.p.,n.p.,n.p.,5.6
TAS,Sep 2012,23.3,3.8,n.p.,n.p.,27.1,13.7,29.6,2.9,n.p.,n.p.,n.p.,7.3
TAS,Oct 2012,27.2,4.7,n.p.,n.p.,31.8,15.3,32.8,3.3,n.p.,n.p.,n.p.,6.6
TAS,Nov 2012,27.4,4.4,n.p.,n.p.,31.8,15.4,35.4,3.5,n.p.,n.p.,n.p.,7.2
TAS,Dec 2012,28.6,4.5,n.p.,n.p.,33.1,16.9,33.9,3.6,n.p.,n.p.,n.p.,8.2
TAS,Jan 2013,26.5,4.4,n.p.,n.p.,30.9,15.6,39.4,3.6,n.p.,n.p.,n.p.,11.5
TAS,Feb 2013,25.0,4.2,n.p.,n.p.,29.2,16.2,35.2,3.8,n.p.,n.p.,n.p.,9.0
TAS,Mar 2013,25.5,4.3,n.p.,n.p.,29.9,14.9,34.8,3.5,n.p.,n.p.,n.p.,7.6
TAS,Apr 2013,24.9,3.9,n.p.,n.p.,28.8,15.6,33.9,3.7,n.p.,n.p.,n.p.,6.3
TAS,May 2013,25.0,4.3,n.p.,n.p.,29.3,15.6,34.0,3.5,n.p.,n.p.,n.p.,6.4
TAS,Jun 2013,22.8,3.4,n.p.,n.p.,26.2,15.0,30.6,3.4,n.p.,n.p.,n.p.,5.8
TAS,Jul 2013,33.4,4.1,n.p.,n.p.,37.5,15.9,33.5,3.7,n.p.,n.p.,n.p.,6.4
TAS,Aug 2013,33.5,4.0,n.p.,n.p.,37.5,15.4,32.7,3.5,n.p.,n.p.,n.p.,6.0
TAS,Sep 2013,31.2,3.8,n.p.,n.p.,35.0,13.9,33.8,4.4,n.p.,n.p.,n.p.,5.6
TAS,Oct 2013,33.5,4.2,n.p.,n.p.,37.6,14.5,36.4,3.5,n.p.,n.p.,n.p.,8.6
TAS,Nov 2013,34.4,4.3,n.p.,n.p.,38.7,14.9,37.3,3.8,n.p.,n.p.,n.p.,8.0
TAS,Dec 2013,37.6,4.7,n.p.,n.p.,42.3,16.8,39.2,4.4,n.p.,n.p.,n.p.,9.7
TAS,Jan 2014,34.9,4.2,n.p.,n.p.,39.1,15.0,40.2,4.1,n.p.,n.p.,n.p.,10.5
TAS,Feb 2014,33.7,4.4,n.p.,n.p.,38.1,15.5,37.6,4.1,n.p.,n.p.,n.p.,8.5
TAS,Mar 2014,33.3,4.3,n.p.,n.p.,37.5,14.0,38.2,3.8,n.p.,n.p.,n.p.,8.4
TAS,Apr 2014,32.2,4.1,n.p.,n.p.,36.3,13.8,35.7,3.6,n.p.,n.p.,n.p.,7.4
TAS,May 2014,32.2,4.0,n.p.,n.p.,36.2,13.6,36.7,3.6,n.p.,n.p.,n.p.,6.6
TAS,Jun 2014,29.2,4.2,n.p.,n.p.,33.4,13.2,32.6,3.2,n.p.,n.p.,n.p.,6.1
TAS,Jul 2014,32.9,3.8,n.p.,n.p.,36.7,13.2,33.5,3.3,n.p.,n.p.,n.p.,5.2
TAS,Aug 2014,32.9,3.7,n.p.,n.p.,36.6,13.3,33.5,3.3,n.p.,n.p.,n.p.,6.1
TAS,Sep 2014,31.7,3.8,n.p.,n.p.,35.6,12.2,34.3,3.1,n.p.,n.p.,n.p.,5.6
TAS,Oct 2014,33.2,4.0,n.p.,n.p.,37.1,12.5,37.5,3.3,n.p.,n.p.,n.p.,5.9
TAS,Nov 2014,32.0,4.0,n.p.,n.p.,36.1,12.5,38.8,3.4,n.p.,n.p.,n.p.,7.0
TAS,Dec 2014,36.9,4.8,n.p.,n.p.,41.6,14.6,37.4,3.9,n.p.,n.p.,n.p.,6.3
TAS,Jan 2015,34.0,4.4,n.p.,n.p.,38.4,13.1,41.3,3.8,n.p.,n.p.,n.p.,8.2
TAS,Feb 2015,33.0,4.2,n.p.,n.p.,37.2,14.2,41.4,4.2,n.p.,n.p.,n.p.,7.8
TAS,Mar 2015,32.9,4.3,n.p.,n.p.,37.2,13.0,41.9,4.1,n.p.,n.p.,n.p.,6.7
TAS,Apr 2015,31.2,3.9,n.p.,n.p.,35.2,12.4,37.8,3.8,n.p.,n.p.,n.p.,6.2
TAS,May 2015,30.0,3.9,n.p.,n.p.,34.0,12.1,36.2,3.7,n.p.,n.p.,n.p.,5.9
TAS,Jun 2015,29.4,3.8,n.p.,n.p.,33.2,11.7,35.9,3.5,n.p.,n.p.,n.p.,5.1
TAS,Jul 2015,31.5,4.1,n.p.,n.p.,35.6,13.2,34.8,4.0,n.p.,n.p.,n.p.,5.1
TAS,Aug 2015,30.3,3.9,n.p.,n.p.,34.1,12.8,32.7,3.9,n.p.,n.p.,n.p.,5.0
TAS,Sep 2015,29.9,4.0,n.p.,n.p.,33.9,11.6,35.5,3.8,n.p.,n.p.,n.p.,4.5
TAS,Oct 2015,31.6,4.2,n.p.,n.p.,35.8,12.3,37.9,4.1,n.p.,n.p.,n.p.,4.4
TAS,Nov 2015,30.6,4.1,n.p.,n.p.,34.7,12.2,42.0,4.0,n.p.,n.p.,n.p.,6.2
TAS,Dec 2015,35.3,5.0,n.p.,n.p.,40.2,14.9,41.4,4.9,n.p.,n.p.,n.p.,5.9
TAS,Jan 2016,31.5,4.3,n.p.,n.p.,35.8,12.7,37.3,4.2,n.p.,n.p.,n.p.,5.4
TAS,Feb 2016,32.5,4.5,n.p.,n.p.,37.1,13.9,41.7,4.8,n.p.,n.p.,n.p.,5.8
TAS,Mar 2016,31.7,4.5,n.p.,n.p.,36.2,13.7,41.7,5.0,n.p.,n.p.,n.p.,5.3
TAS,Apr 2016,27.2,3.8,n.p.,n.p.,31.0,14.4,48.8,5.9,n.p.,n.p.,n.p.,5.3
TAS,May 2016,28.6,3.9,n.p.,n.p.,32.5,16.5,37.1,7.4,n.p.,n.p.,n.p.,5.4
TAS,Jun 2016,26.9,3.7,n.p.,n.p.,30.6,15.2,34.3,6.9,n.p.,n.p.,n.p.,5.4
TAS,Jul 2016,29.1,4.0,n.p.,n.p.,33.1,16.3,32.8,7.3,n.p.,n.p.,n.p.,5.5
TAS,Aug 2016,29.2,4.1,n.p.,n.p.,33.2,16.4,34.7,7.2,n.p.,n.p.,n.p.,4.8
TAS,Sep 2016,29.1,3.8,n.p.,n.p.,32.9,14.9,38.1,6.9,n.p.,n.p.,n.p.,4.8
TAS,Oct 2016,28.3,3.8,n.p.,n.p.,32.1,15.4,38.0,7.1,n.p.,n.p.,n.p.,5.5
TAS,Nov 2016,30.1,4.2,n.p.,n.p.,34.2,16.1,40.8,7.5,n.p.,n.p.,n.p.,5.4
TAS,Dec 2016,33.9,4.7,n.p.,n.p.,38.6,18.5,41.6,8.2,n.p.,n.p.,n.p.,5.0
TAS,Jan 2017,30.6,4.2,n.p.,n.p.,34.8,16.3,41.9,7.9,n.p.,n.p.,n.p.,6.4
TAS,Feb 2017,31.2,4.1,n.p.,n.p.,35.3,16.8,41.7,8.3,n.p.,n.p.,n.p.,5.4
TAS,Mar 2017,31.6,4.2,n.p.,n.p.,35.7,16.1,42.9,7.7,n.p.,n.p.,n.p.,5.0
TAS,Apr 2017,27.9,3.8,n.p.,n.p.,31.7,15.2,37.6,7.1,n.p.,n.p.,n.p.,4.8
TAS,May 2017,28.8,3.8,n.p.,n.p.,32.6,15.3,40.2,7.2,n.p.,n.p.,n.p.,4.9
TAS,Jun 2017,27.6,3.7,n.p.,n.p.,31.4,14.8,38.3,6.9,n.p.,n.p.,n.p.,4.9
TAS,Jul 2017,24.5,3.7,n.p.,n.p.,28.2,15.5,34.6,7.0,n.p.,n.p.,n.p.,4.8
TAS,Aug 2017,25.4,4.0,n.p.,n.p.,29.4,15.9,35.7,7.2,n.p.,n.p.,n.p.,5.0
TAS,Sep 2017,24.1,3.7,n.p.,n.p.,27.8,14.6,36.0,6.8,n.p.,n.p.,n.p.,5.9
TAS,Oct 2017,25.1,4.0,n.p.,n.p.,29.1,15.0,40.2,7.2,n.p.,n.p.,n.p.,5.7
TAS,Nov 2017,25.9,4.1,n.p.,n.p.,30.0,15.1,42.4,7.3,n.p.,n.p.,n.p.,5.8
TAS,Dec 2017,28.2,4.4,n.p.,n.p.,32.6,17.2,39.8,7.7,n.p.,n.p.,n.p.,5.2
TAS,Jan 2018,29.5,4.3,n.p.,n.p.,33.8,24.9,45.5,12.1,n.p.,n.p.,n.p.,6.9
TAS,Feb 2018,26.8,3.8,n.p.,n.p.,30.6,22.5,45.7,11.7,n.p.,n.p.,n.p.,6.6
TAS,Mar 2018,29.1,4.2,n.p.,n.p.,33.3,24.3,48.4,12.6,n.p.,n.p.,n.p.,6.7
TAS,Apr 2018,25.4,3.6,n.p.,n.p.,29.1,22.2,41.0,11.5,n.p.,n.p.,n.p.,5.7
TAS,May 2018,28.6,3.8,n.p.,n.p.,32.4,24.9,45.2,13.1,n.p.,n.p.,n.p.,6.0
TAS,Jun 2018,26.3,3.5,n.p.,n.p.,29.8,22.9,41.4,11.8,n.p.,n.p.,n.p.,5.5
TAS,Jul 2018,26.9,3.6,n.p.,n.p.,30.4,23.6,40.4,11.9,n.p.,n.p.,n.p.,5.6
TAS,Aug 2018,27.9,3.7,n.p.,n.p.,31.5,23.9,42.6,12.2,n.p.,n.p.,n.p.,5.8
TAS,Sep 2018,26.9,3.4,n.p.,n.p.,30.3,23.5,41.1,12.1,n.p.,n.p.,n.p.,5.3
TAS,Oct 2018,30.0,3.9,n.p.,n.p.,33.9,25.7,49.8,13.7,n.p.,n.p.,n.p.,6.8
TAS,Nov 2018,29.3,3.9,n.p.,n.p.,33.2,24.8,49.6,13.5,n.p.,n.p.,n.p.,6.7
TAS,Dec 2018,29.2,4.2,n.p.,n.p.,33.4,23.5,44.2,12.1,n.p.,n.p.,n.p.,5.4
TAS,Jan 2019,28.7,4.4,n.p.,n.p.,33.0,22.4,50.7,12.3,n.p.,n.p.,n.p.,6.2
TAS,Feb 2019,26.5,3.8,n.p.,n.p.,30.3,21.3,45.3,11.8,n.p.,n.p.,n.p.,5.4
TAS,Mar 2019,28.0,4.1,n.p.,n.p.,32.1,23.3,49.3,12.7,n.p.,n.p.,n.p.,5.9
TAS,Apr 2019,26.7,3.7,n.p.,n.p.,30.5,22.4,45.5,12.0,n.p.,n.p.,n.p.,6.0
TAS,May 2019,27.3,3.8,n.p.,n.p.,31.1,22.7,47.6,12.4,n.p.,n.p.,n.p.,6.0
TAS,Jun 2019,24.8,3.5,n.p.,n.p.,28.3,21.0,41.5,11.2,n.p.,n.p.,n.p.,5.9
TAS,Jul 2019,26.2,3.7,n.p.,n.p.,29.9,21.9,44.4,11.4,n.p.,n.p.,n.p.,5.6
TAS,Aug 2019,26.1,3.8,n.p.,n.p.,29.9,21.6,44.1,11.4,n.p.,n.p.,n.p.,6.0
TAS,Sep 2019,25.6,3.7,n.p.,n.p.,29.3,21.1,43.4,11.2,n.p.,n.p.,n.p.,5.6
TAS,Oct 2019,27.7,4.0,n.p.,n.p.,31.7,22.9,50.2,12.5,n.p.,n.p.,n.p.,7.2
TAS,Nov 2019,27.1,3.9,n.p.,n.p.,31.0,22.2,50.6,12.2,n.p.,n.p.,n.p.,6.4
TAS,Dec 2019,29.6,4.3,n.p.,n.p.,33.9,24.2,47.5,12.6,n.p.,n.p.,n.p.,6.3
TAS,Jan 2020,29.2,4.2,n.p.,n.p.,33.4,23.8,51.3,12.9,n.p.,n.p.,n.p.,7.5
TAS,Feb 2020,26.5,3.8,n.p.,n.p.,30.4,21.3,49.2,12.2,n.p.,n.p.,n.p.,6.2
TAS,Mar 2020,26.5,3.9,n.p.,n.p.,30.4,20.3,52.7,11.9,n.p.,n.p.,n.p.,7.4
TAS,Apr 2020,13.5,1.9,n.p.,n.p.,15.4,9.5,39.3,7.2,n.p.,n.p.,n.p.,5.5
TAS,May 2020,18.8,2.9,n.p.,n.p.,21.8,14.2,42.2,9.0,n.p.,n.p.,n.p.,5.3
TAS,Jun 2020,21.1,3.4,n.p.,n.p.,24.5,16.9,43.5,10.1,n.p.,n.p.,n.p.,5.9
TAS,Jul 2020,24.5,3.9,n.p.,n.p.,28.5,20.0,57.6,11.2,n.p.,n.p.,n.p.,6.2
TAS,Aug 2020,23.9,4.0,n.p.,n.p.,27.9,19.7,44.2,11.0,n.p.,n.p.,n.p.,5.6
TAS,Sep 2020,24.1,4.0,n.p.,n.p.,28.1,19.8,45.3,11.4,n.p.,n.p.,n.p.,5.8
TAS,Oct 2020,25.0,4.2,n.p.,n.p.,29.2,20.2,47.0,11.4,n.p.,n.p.,n.p.,3.8
TAS,Nov 2020,25.8,4.2,n.p.,n.p.,30.0,20.5,49.3,11.4,n.p.,n.p.,n.p.,5.6
TAS,Dec 2020,28.2,4.8,n.p.,n.p.,33.0,22.6,52.9,11.9,n.p.,n.p.,n.p.,8.9
TAS,Jan 2021,27.1,4.5,n.p.,n.p.,31.6,21.4,48.3,11.5,n.p.,n.p.,n.p.,4.3
TAS,Feb 2021,24.5,4.0,n.p.,n.p.,28.5,20.1,48.3,11.4,n.p.,n.p.,n.p.,6.1
TAS,Mar 2021,27.3,4.2,n.p.,n.p.,31.5,22.7,50.6,12.9,n.p.,n.p.,n.p.,6.4
TAS,Apr 2021,26.0,4.1,n.p.,n.p.,30.1,21.2,47.8,12.0,n.p.,n.p.,n.p.,5.9
TAS,May 2021,26.1,4.6,n.p.,n.p.,30.7,21.3,47.9,12.2,n.p.,n.p.,n.p.,6.0
TAS,Jun 2021,25.0,4.3,n.p.,n.p.,29.3,20.5,46.4,11.2,n.p.,n.p.,n.p.,5.8
TAS,Jul 2021,25.0,3.9,n.p.,n.p.,28.8,21.1,44.4,11.5,n.p.,n.p.,n.p.,5.8
TAS,Aug 2021,24.6,3.8,n.p.,n.p.,28.4,20.2,46.5,11.8,n.p.,n.p.,n.p.,5.1
TAS,Sep 2021,25.4,3.8,n.p.,n.p.,29.2,20.6,47.5,11.9,n.p.,n.p.,n.p.,6.8
TAS,Oct 2021,25.0,3.7,n.p.,n.p.,28.7,19.9,48.0,12.1,n.p.,n.p.,n.p.,5.1
TAS,Nov 2021,26.1,3.6,n.p.,n.p.,29.7,20.6,49.6,12.9,n.p.,n.p.,n.p.,6.1
TAS,Dec 2021,28.6,4.3,n.p.,n.p.,32.9,21.9,59.0,13.1,n.p.,n.p.,n.p.,8.1
TAS,Jan 2022,25.3,3.6,n.p.,n.p.,28.9,19.1,50.1,11.3,n.p.,n.p.,n.p.,6.1
TAS,Feb 2022,23.5,3.4,n.p.,n.p.,26.8,17.6,45.3,10.8,n.p.,n.p.,n.p.,4.7
TAS,Mar 2022,28.4,3.3,n.p.,n.p.,31.7,21.7,56.1,19.0,n.p.,n.p.,n.p.,5.2
TAS,Apr 2022,23.9,3.1,n.p.,n.p.,27.0,17.7,42.4,9.8,n.p.,n.p.,n.p.,5.9
TAS,May 2022,24.1,3.0,n.p.,n.p.,27.1,18.8,42.9,10.6,n.p.,n.p.,n.p.,6.3
TAS,Jun 2022,23.2,2.9,n.p.,n.p.,26.1,19.0,42.9,13.0,n.p.,n.p.,n.p.,6.3
TAS,Jul 2022,22.6,2.8,n.p.,n.p.,25.4,17.3,38.6,9.7,n.p.,n.p.,n.p.,5.7
TAS,Aug 2022,23.4,3.3,n.p.,n.p.,26.7,17.9,44.2,11.1,n.p.,n.p.,n.p.,5.9
TAS,Sep 2022,24.8,3.6,n.p.,n.p.,28.4,19.2,44.8,11.1,n.p.,n.p.,n.p.,5.7
TAS,Oct 2022,22.9,3.0,n.p.,n.p.,25.9,18.2,41.8,10.5,n.p.,n.p.,n.p.,5.4
TAS,Nov 2022,25.1,3.4,n.p.,n.p.,28.5,19.5,51.4,10.7,n.p.,n.p.,n.p.,6.9
TAS,Dec 2022,26.6,3.8,n.p.,n.p.,30.4,20.8,49.7,11.3,n.p.,n.p.,n.p.,6.9
TAS,Jan 2023,25.7,3.6,n.p.,n.p.,29.3,20.5,50.1,11.5,n.p.,n.p.,n.p.,5.7
TAS,Feb 2023,23.1,3.4,n.p.,n.p.,26.5,18.4,46.7,10.7,n.p.,n.p.,n.p.,5.3
TAS,Mar 2023,25.8,3.8,n.p.,n.p.,29.6,20.6,55.7,12.4,n.p.,n.p.,n.p.,6.2
TAS,Apr 2023,22.1,3.2,n.p.,n.p.,25.3,17.8,43.7,10.2,n.p.,n.p.,n.p.,5.0
TAS,May 2023,23.7,3.5,n.p.,n.p.,27.1,19.2,48.2,11.1,n.p.,n.p.,n.p.,6.1
TAS,Jun 2023,21.3,3.2,n.p.,n.p.,24.5,17.6,43.9,10.1,n.p.,n.p.,n.p.,5.8
TAS,Jul 2023,21.3,3.2,n.p.,n.p.,24.5,17.3,40.5,10.2,n.p.,n.p.,n.p.,6.3
TAS,Aug 2023,23.8,3.2,n.p.,n.p.,27.1,19.3,49.1,14.3,n.p.,n.p.,n.p.,5.8
TAS,Sep 2023,21.6,3.2,n.p.,n.p.,24.9,17.0,42.1,9.7,n.p.,n.p.,n.p.,5.5
TAS,Oct 2023,23.8,3.4,n.p.,n.p.,27.2,19.0,54.7,14.9,n.p.,n.p.,n.p.,7.0
TAS,Nov 2023,24.3,3.4,n.p.,n.p.,27.7,19.1,49.1,11.1,n.p.,n.p.,n.p.,6.8
TAS,Dec 2023,24.7,3.7,n.p.,n.p.,28.4,19.7,47.1,10.6,n.p.,n.p.,n.p.,6.3
TAS,Jan 2024,24.5,3.6,n.p.,n.p.,28.1,19.7,47.4,11.2,n.p.,n.p.,n.p.,6.4
TAS,Feb 2024,22.8,3.5,n.p.,n.p.,26.3,18.3,51.6,10.8,n.p.,n.p.,n.p.,7.0
TAS,Mar 2024,26.0,3.7,n.p.,n.p.,29.7,21.5,56.5,16.8,n.p.,n.p.,n.p.,6.0
TAS,Apr 2024,21.7,3.3,n.p.,n.p.,25.0,17.7,45.0,11.0,n.p.,n.p.,n.p.,5.8
TAS,May 2024,21.7,3.4,n.p.,n.p.,25.0,17.9,42.7,10.6,n.p.,n.p.,n.p.,6.3
TAS,Jun 2024,19.8,3.2,n.p.,n.p.,23.0,16.3,39.1,9.2,n.p.,n.p.,n.p.,5.0
TAS,Jul 2024,21.0,3.3,n.p.,n.p.,24.3,17.4,40.9,10.3,n.p.,n.p.,n.p.,5.8
TAS,Aug 2024,21.4,3.4,n.p.,n.p.,24.8,17.4,44.4,10.6,n.p.,n.p.,n.p.,5.2
TAS,Sep 2024,20.6,3.3,n.p.,n.p.,23.9,17.1,40.9,10.2,n.p.,n.p.,n.p.,5.2
TAS,Oct 2024,21.5,3.6,n.p.,n.p.,25.1,18.2,47.4,10.7,n.p.,n.p.,n.p.,6.5
TAS,Nov 2024,23.4,3.5,n.p.,n.p.,26.9,19.7,52.3,15.4,n.p.,n.p.,n.p.,5.2
TAS,Dec 2024,25.3,4.0,n.p.,n.p.,29.3,21.4,51.4,16.0,n.p.,n.p.,n.p.,6.0
TAS,Jan 2025,24.8,3.8,n.p.,n.p.,28.6,20.5,52.2,15.9,n.p.,n.p.,n.p.,5.4
TAS,Feb 2025,22.4,3.6,n.p.,n.p.,26.1,18.6,53.4,15.2,n.p.,n.p.,n.p.,5.2
TAS,Mar 2025,23.4,3.8,n.p.,n.p.,27.2,19.6,51.4,16.5,n.p.,n.p.,n.p.,6.1
TAS,Apr 2025,22.2,3.5,n.p.,n.p.,25.7,18.8,48.1,15.6,n.p.,n.p.,n.p.,5.3
TAS,May 2025,22.1,3.7,n.p.,n.p.,25.8,18.6,52.3,14.7,n.p.,n.p.,n.p.,5.2
TAS,Jun 2025,20.0,3.4,n.p.,n.p.,23.4,16.9,45.6,12.9,n.p.,n.p.,n.p.,4.6
TAS,Jul 2025,20.7,3.4,n.p.,n.p.,24.0,17.5,46.5,13.8,n.p.,n.p.,n.p.,4.8
TAS,Aug 2025,20.8,3.4,n.p.,n.p.,24.2,17.7,46.0,12.6,n.p.,n.p.,n.p.,3.9
TAS,Sep 2025,20.8,3.5,n.p.,n.p.,24.3,17.2,49.5,12.4,n.p.,n.p.,n.p.,5.5
TAS,Oct 2025,22.2,3.7,n.p.,n.p.,25.9,18.0,55.4,14.7,n.p.,n.p.,n.p.,4.4
TAS,Nov 2025,21.8,3.6,n.p.,n.p.,25.3,18.0,52.7,14.3,n.p.,n.p.,n.p.,5.0
TAS,Dec 2025,24.6,4.1,n.p.,n.p.,28.6,19.4,52.8,14.6,n.p.,n.p.,n.p.,4.6
TAS,Jan 2026,23.7,4.0,n.p.,n.p.,27.6,18.8,53.6,13.1,n.p.,n.p.,n.p.,4.3
VIC,Jul 2010,304.7,30.5,38.1,27.4,400.7,309.6,267.6,110.0,41.6,56.4,98,174.9
VIC,Aug 2010,306.5,30.6,39,29.9,406.1,313.1,261.2,110.1,41.9,57.1,99.1,169.8
VIC,Sep 2010,274.9,27.8,36.8,27.3,366.7,278.8,265.2,108.3,42,58.4,100.4,160.8
VIC,Oct 2010,327.1,34.5,33.8,28.6,424.0,327.9,289.8,119.2,43.4,49.5,92.9,150.2
VIC,Nov 2010,309.3,33.1,44.5,28.5,415.4,319.8,312.1,119.8,49.6,57.9,107.5,154.9
VIC,Dec 2010,326.3,36.2,47.1,30.6,440.2,352.4,299.8,121.1,47.9,54.9,102.7,154.0
VIC,Jan 2011,266.6,28.4,37.7,26.6,359.3,273.4,267.0,100.7,49.6,53.9,103.5,138.4
VIC,Feb 2011,296.3,31.2,38.3,24.1,389.9,307.1,288.0,118.4,42.9,46.1,89,147.2
VIC,Mar 2011,303.2,30.9,41.5,27.5,403.1,310.8,315.7,129.1,47.3,49.8,97.1,159.5
VIC,Apr 2011,285.8,30.4,38.9,25.2,380.3,291.1,286.7,114.2,52.2,41.6,93.8,158.8
VIC,May 2011,303.9,30.2,40.2,25.4,399.7,306.6,321.4,123.2,48.7,37.9,86.6,178.2
VIC,Jun 2011,240.2,29.1,39.2,23.2,331.7,293.2,291.6,119.0,48.4,46.5,94.8,158.0
VIC,Jul 2011,307.6,31.5,41,23,403.1,310.6,285.8,121.8,51,44.4,95.5,148.4
VIC,Aug 2011,320.7,33.2,44.1,23.3,421.3,322.0,304.2,126.8,50.1,43.6,93.7,132.6
VIC,Sep 2011,294.6,31.5,38.6,20,384.7,289.4,308.2,124.2,50.7,43.6,94.3,115.6
VIC,Oct 2011,300.8,32.4,41,19,393.2,300.4,309.3,120.7,48.4,43.7,92.1,129.6
VIC,Nov 2011,315.5,33.6,43,18.5,410.6,316.3,345.1,125.4,54.9,43.1,98,146.8
VIC,Dec 2011,327.2,36.1,47.1,20.2,430.6,331.1,328.0,124.3,50.1,52.2,102.3,127.3
VIC,Jan 2012,281.7,31.2,42.1,17.1,372.2,284.3,291.4,110.5,51.7,47.6,99.3,125.9
VIC,Feb 2012,305.2,35.3,43.7,16.1,400.4,314.7,323.0,126.3,51.8,41.5,93.3,160.6
VIC,Mar 2012,307.6,34.4,43.7,18.5,404.3,311.3,331.4,127.4,50.5,44.3,94.8,156.3
VIC,Apr 2012,283.0,31.6,39.2,16.9,370.8,282.7,309.6,114.7,48.6,44.9,93.5,136.0
VIC,May 2012,310.9,33.5,42.4,18.2,405.0,313.7,346.5,129.4,49.5,44.5,94,142.0
VIC,Jun 2012,288.1,31.7,42.1,16.7,378.6,293.0,302.4,114.6,51.1,44.4,95.5,159.0
VIC,Jul 2012,305.1,34.2,44.3,17.1,400.8,310.6,324.5,125.5,53.5,46.4,100,134.5
VIC,Aug 2012,313.5,34.8,44.4,18,410.7,319.0,332.1,127.6,56.1,43.3,99.4,142.0
VIC,Sep 2012,276.7,31.6,41.1,16.4,365.8,286.6,317.3,121.1,55.9,42.2,98.1,115.2
VIC,Oct 2012,296.7,33.0,43.5,16.9,390.1,301.2,352.3,130.8,53.1,55.9,108.9,145.6
VIC,Nov 2012,295.2,34.2,46.1,16.4,391.9,304.6,367.8,129.9,55.6,51.8,107.3,158.3
VIC,Dec 2012,315.0,39.4,44.7,18,417.1,323.7,325.0,119.8,58.1,54.3,112.4,119.4
VIC,Jan 2013,288.6,33.6,49.3,15.7,387.3,291.7,311.6,113.7,61.8,53.9,115.7,119.7
VIC,Feb 2013,298.6,33.1,43.9,14.5,390.1,303.0,326.4,121.3,51.7,47.3,99,144.5
VIC,Mar 2013,317.2,35.3,50.5,17.2,420.1,321.4,337.7,125.9,63.4,53.5,116.9,162.7
VIC,Apr 2013,291.4,32.3,47.1,15.6,386.4,294.4,336.6,122.1,51.4,52.4,103.9,152.6
VIC,May 2013,301.8,31.8,49.4,16.9,399.8,304.0,362.9,132.3,59.1,56.3,115.4,129.9
VIC,Jun 2013,298.3,31.7,44.2,16.2,390.4,301.0,314.7,121.8,56.3,54,110.4,119.5
VIC,Jul 2013,312.4,33.8,48.4,17.1,411.7,311.9,320.8,130.6,61.7,61.7,123.4,116.9
VIC,Aug 2013,315.2,34.6,50,18.3,418.1,316.3,316.2,132.4,57.6,62.9,120.5,129.5
VIC,Sep 2013,284.8,31.6,46.6,16.6,379.6,284.3,313.8,122.3,58.6,60.4,119,106.0
VIC,Oct 2013,304.2,34.9,49.7,17.1,406.0,297.9,353.9,133.2,59.8,58.2,118,126.3
VIC,Nov 2013,300.5,34.2,53,16.7,404.3,304.2,362.7,133.9,58.5,57.3,115.8,121.2
VIC,Dec 2013,319.7,38.1,56.1,18.4,432.3,324.7,343.7,136.2,58.3,63.8,122.1,127.6
VIC,Jan 2014,283.7,32.9,48.6,14.8,379.9,283.3,319.0,124.6,60,62.2,122.2,120.2
VIC,Feb 2014,291.0,35.2,45.4,15.2,386.8,288.5,339.1,131.9,52.3,50.9,103.2,125.9
VIC,Mar 2014,303.3,36.0,51.9,15.5,406.6,309.5,357.0,141.5,60.2,65.5,125.7,121.6
VIC,Apr 2014,287.4,32.4,50.4,15.4,385.6,289.6,337.2,126.6,55.5,62.7,118.2,123.0
VIC,May 2014,294.1,33.5,51.5,15.8,394.9,297.3,373.8,142.5,59.4,62,121.5,141.0
VIC,Jun 2014,280.8,30.1,49.9,15.5,376.3,284.5,324.4,126.7,58.7,59.3,118,128.9
VIC,Jul 2014,311.3,34.3,49.4,16.6,411.6,307.1,341.4,136.9,58.6,64.2,122.7,119.0
VIC,Aug 2014,311.1,34.6,51.6,16.3,413.5,308.2,336.0,130.6,50.8,70.5,121.4,114.4
VIC,Sep 2014,285.3,31.6,52,14.9,383.8,285.4,350.8,133.4,50.6,65.5,116.1,107.0
VIC,Oct 2014,301.2,33.6,56.8,15.9,407.4,300.6,387.3,147.3,57.1,69.5,126.6,109.1
VIC,Nov 2014,297.8,33.6,58.6,15.4,405.5,304.3,379.3,138.6,53,68.2,121.2,116.9
VIC,Dec 2014,316.1,36.9,64.6,16.1,433.6,323.4,372.5,145.3,54.2,76.5,130.8,119.4
VIC,Jan 2015,275.9,31.9,59.2,14.5,381.4,282.3,334.0,126.8,51.1,76.2,127.3,111.7
VIC,Feb 2015,289.3,33.1,57.7,14.5,394.6,301.1,371.1,141.2,48.1,66.4,114.5,114.3
VIC,Mar 2015,298.9,33.8,60.7,15.7,409.2,307.7,388.7,156.3,55.6,75.1,130.8,130.6
VIC,Apr 2015,283.3,32.3,57.6,13.9,387.1,291.7,358.6,138.7,53.2,71.5,124.6,116.7
VIC,May 2015,291.3,32.4,57.3,14.7,395.7,301.8,375.6,148.0,50.1,73.4,123.6,118.2
VIC,Jun 2015,279.8,31.8,55.6,14,381.1,290.9,353.1,146.8,50.4,73.1,123.5,119.1
VIC,Jul 2015,299.5,34.3,58.9,17.4,410.2,314.4,342.6,154.6,56.3,75.1,131.4,120.7
VIC,Aug 2015,301.8,35.3,60.9,16.8,414.8,320.3,338.4,154.7,50.7,74.1,124.8,123.2
VIC,Sep 2015,278.3,32.2,59.3,16.1,386.0,292.3,362.0,156.9,53.3,76.9,130.2,114.4
VIC,Oct 2015,296.8,35.0,64.4,16.4,412.6,313.7,389.7,162.0,55.9,77.3,133.2,114.9
VIC,Nov 2015,282.6,33.0,62.4,16.2,394.2,301.0,389.6,159.9,52.7,78.1,130.8,124.0
VIC,Dec 2015,311.0,38.5,69.4,18.2,437.2,334.9,393.6,174.5,55.8,83.4,139.2,124.3
VIC,Jan 2016,276.9,33.1,63,16,389.0,299.6,331.8,142.0,54,86.9,140.9,122.4
VIC,Feb 2016,294.2,35.1,64.4,16.7,410.4,321.5,394.5,171.5,50.2,79.3,129.6,156.0
VIC,Mar 2016,292.6,34.8,67.3,17.5,412.1,314.9,389.6,166.6,55.5,83.7,139.2,154.0
VIC,Apr 2016,277.6,32.4,62.6,16.5,389.0,299.2,384.8,161.0,54.3,77.4,131.8,148.6
VIC,May 2016,281.1,33.5,63.9,17.1,395.5,300.5,398.3,163.6,52.2,81.5,133.7,146.0
VIC,Jun 2016,273.8,31.1,60,16.1,381.1,289.3,356.0,148.7,51.5,81,132.5,143.8
VIC,Jul 2016,294.3,34.9,64.4,17.1,410.8,314.8,340.9,156.6,54.7,82.1,136.8,149.3
VIC,Aug 2016,299.6,36.3,68.4,17.5,421.8,321.6,365.1,168.9,55.2,83,138.2,134.0
VIC,Sep 2016,271.4,31.7,62.7,16,381.9,289.3,341.0,156.0,54.6,80.1,134.7,102.7
VIC,Oct 2016,283.4,33.5,65.4,17.2,399.6,302.2,372.0,168.2,56.8,86.1,142.9,104.9
VIC,Nov 2016,288.2,34.0,67.7,18.1,408.0,308.2,418.7,176.0,53.4,87,140.4,118.3
VIC,Dec 2016,310.7,38.5,70.6,19.7,439.5,328.9,423.8,174.6,58,92.7,150.6,126.3
VIC,Jan 2017,267.4,32.6,62.9,18.5,381.5,285.5,367.2,164.1,55.3,93.6,149,109.3
VIC,Feb 2017,285.3,35.7,62.7,19.1,402.8,307.4,372.8,172.5,50.2,84.6,134.8,105.2
VIC,Mar 2017,296.9,36.1,69.7,20.6,423.3,318.4,441.1,186.4,58.4,86.7,145.1,123.0
VIC,Apr 2017,263.6,33.3,63.4,18.7,378.9,284.0,388.3,162.7,51.7,85.3,137,115.7
VIC,May 2017,287.6,35.1,67,20,409.6,310.3,451.0,182.7,51.6,88.7,140.4,124.8
VIC,Jun 2017,271.4,32.9,62.7,19.8,386.9,291.5,403.6,166.4,50.9,87.6,138.5,110.1
VIC,Jul 2017,282.4,35.8,65.8,20.8,404.8,317.7,396.6,178.1,56.4,92.1,148.5,122.1
VIC,Aug 2017,278.5,34.8,65.9,21.2,400.5,315.4,401.2,178.1,69.6,91.6,161.2,116.1
VIC,Sep 2017,262.4,32.4,62.7,20.6,378.1,294.0,377.8,168.6,69,90.7,159.7,105.4
VIC,Oct 2017,258.3,33.5,65,20.8,377.6,289.7,407.8,174.1,74.2,92.3,166.4,116.2
VIC,Nov 2017,278.4,34.5,65.4,23,401.3,306.6,443.9,183.7,70.6,86.5,157.1,111.4
VIC,Dec 2017,297.1,37.4,68,25.4,427.9,329.2,424.8,181.7,78,94.2,172.2,113.9
VIC,Jan 2018,267.1,33.7,62.9,21.5,385.2,327.2,375.7,185.0,58.2,109.4,167.6,120.1
VIC,Feb 2018,263.4,33.5,61.5,23.9,382.4,327.9,395.1,189.2,59.8,117.5,177.3,108.2
VIC,Mar 2018,289.2,36.5,66.7,27.2,419.6,362.1,430.3,213.6,61.8,122.2,184,109.0
VIC,Apr 2018,259.6,33.5,63,25.6,381.6,327.7,403.4,196.2,58.7,133.6,192.2,105.5
VIC,May 2018,283.6,34.8,63.4,30.3,412.1,352.9,452.6,214.3,52.8,133.1,185.8,109.9
VIC,Jun 2018,268.7,32.1,59,30.5,390.4,335.4,396.2,191.9,51.5,131.6,183.1,106.1
VIC,Jul 2018,275.0,33.0,60.8,30.3,399.1,344.1,407.2,199.7,62,140.2,202.2,100.2
VIC,Aug 2018,283.3,34.2,63.7,31.2,412.4,359.1,415.1,203.9,57.3,141.8,199.1,103.2
VIC,Sep 2018,261.7,31.8,57.9,29.3,380.7,328.7,388.2,188.8,57.3,131.9,189.1,97.2
VIC,Oct 2018,283.7,34.0,61.3,33.2,412.1,351.3,444.0,209.0,65.3,139.5,204.7,112.0
VIC,Nov 2018,280.0,34.2,63.3,31.5,409.0,349.3,435.5,200.7,62.5,137,199.5,98.3
VIC,Dec 2018,282.9,35.9,68.6,28.6,416.0,354.0,398.5,194.1,65.7,142.8,208.5,92.3
VIC,Jan 2019,257.1,32.5,64.7,24.7,379.0,322.5,404.2,185.3,70.1,145,215.1,110.2
VIC,Feb 2019,253.8,31.9,61.3,26.1,373.0,320.7,401.2,191.3,64.7,126.7,191.5,108.6
VIC,Mar 2019,280.0,34.6,65.1,29.5,409.2,350.8,435.2,205.5,63.4,137.5,200.9,104.4
VIC,Apr 2019,261.0,32.7,60.2,28.5,382.4,322.8,415.5,190.8,58,132.5,190.5,100.1
VIC,May 2019,274.9,33.4,60.9,31,400.2,339.4,439.5,203.6,53.5,130.3,183.8,103.5
VIC,Jun 2019,269.0,33.0,59.5,29.9,391.4,328.3,411.8,210.0,55.9,134.1,190.1,95.4
VIC,Jul 2019,264.2,32.7,60.3,29.5,386.6,330.3,402.4,201.0,64.9,140.2,205.1,100.5
VIC,Aug 2019,271.4,33.1,61.7,28.8,394.9,342.0,405.3,199.6,59.4,132.3,191.7,100.8
VIC,Sep 2019,258.0,32.0,58.8,27.7,376.6,322.8,422.9,194.3,58.4,130.5,188.9,91.8
VIC,Oct 2019,295.1,35.4,61.8,29.8,422.1,345.3,449.2,217.7,60.3,133.6,193.9,109.8
VIC,Nov 2019,282.7,33.5,61.6,28.7,406.6,336.1,458.3,204.4,58,135.7,193.7,107.2
VIC,Dec 2019,281.4,35.8,64.9,29.9,412.0,350.5,470.0,205.6,66.3,145.7,212,96.4
VIC,Jan 2020,255.5,32.4,59.7,28.7,376.3,316.2,435.9,189.6,64.1,145.2,209.3,90.9
VIC,Feb 2020,259.3,32.4,60.9,28.7,381.3,326.4,451.7,208.6,55.9,111.1,167,103.6
VIC,Mar 2020,248.5,35.2,65.2,27.6,376.5,308.0,480.2,208.8,45.2,89.1,134.3,116.5
VIC,Apr 2020,134.1,15.7,33.5,14.1,197.5,155.4,365.1,146.6,5.2,26.3,31.6,76.6
VIC,May 2020,182.9,25.9,50.3,19.9,278.9,226.6,415.7,178.6,7.1,32.7,39.8,92.2
VIC,Jun 2020,214.8,32.3,58.3,22.9,328.3,266.7,411.8,191.0,7.4,26.2,33.5,96.1
VIC,Jul 2020,190.3,28.3,48.5,18.4,285.5,227.3,397.9,182.9,6.5,27.8,34.3,83.8
VIC,Aug 2020,137.2,18.0,32.6,12.1,199.9,159.5,340.6,147.1,5.2,28.2,33.5,80.5
VIC,Sep 2020,152.1,20.5,36.4,13.2,222.1,173.9,387.4,166.1,5.5,26.1,31.6,75.7
VIC,Oct 2020,192.0,27.0,49.9,19.8,288.7,232.8,433.1,207.5,5.3,27.8,33,93.6
VIC,Nov 2020,239.0,36.3,66.4,20.9,362.7,297.3,467.4,206.7,8.1,32.4,40.5,82.7
VIC,Dec 2020,267.1,38.7,73.3,23,402.1,329.6,462.6,213.9,27.3,34.4,61.7,90.7
VIC,Jan 2021,235.8,31.8,66.2,20.3,354.0,292.5,393.9,186.0,25.2,30.4,55.6,76.3
VIC,Feb 2021,219.5,32.0,58.8,18.8,329.2,270.1,415.5,188.1,18.8,27.2,46,89.6
VIC,Mar 2021,261.3,38.3,69.1,24.8,393.4,320.8,488.9,222.9,33.6,28.6,62.2,97.9
VIC,Apr 2021,245.4,34.7,63.7,23.9,367.7,298.9,466.1,211.8,46.2,27.7,73.9,88.3
VIC,May 2021,248.3,37.0,66.6,25.2,377.2,310.1,463.5,211.1,44.7,29.6,74.3,100.3
VIC,Jun 2021,205.6,29.6,53.4,20.5,309.1,253.5,416.8,188.2,25.1,31.9,57,93.3
VIC,Jul 2021,210.1,30.5,53,22,315.7,259.1,418.8,198.8,28.3,30.3,58.6,90.7
VIC,Aug 2021,176.5,23.8,42.3,17.5,260.1,207.2,410.7,182.6,15,29.2,44.2,96.4
VIC,Sep 2021,164.3,23.7,41.4,16.5,245.8,190.3,394.0,163.0,11.9,27.4,39.4,78.4
VIC,Oct 2021,201.3,30.1,50.3,19.8,301.6,242.2,437.3,194.5,12,30.1,42.1,76.8
VIC,Nov 2021,251.5,36.0,63.5,24.6,375.6,311.5,470.2,217.9,17.7,30.7,48.3,91.3
VIC,Dec 2021,266.4,39.3,70.8,25.7,402.2,331.9,500.9,222.5,41.5,37.8,79.3,86.1
VIC,Jan 2022,227.2,34.9,61.1,22.3,345.5,285.4,412.6,192.8,42,34.8,76.9,77.0
VIC,Feb 2022,234.4,34.1,56.7,22.2,347.3,289.2,452.8,210.7,39,38.7,77.7,86.6
VIC,Mar 2022,258.2,38.4,58.2,25.8,380.7,317.4,502.9,231.0,52.1,43.6,95.7,95.3
VIC,Apr 2022,242.8,37.5,59.9,23.7,363.9,303.8,430.7,202.7,64.1,44.8,108.9,79.2
VIC,May 2022,249.1,36.3,57.4,25.2,368.0,305.8,495.7,228.0,64.9,52.8,117.6,98.8
VIC,Jun 2022,237.7,34.9,52,25.1,349.7,293.9,445.4,205.3,62.5,55.9,118.3,85.1
VIC,Jul 2022,247.7,35.0,53.2,25.9,361.8,300.2,450.3,207.6,81.7,57.4,139.1,87.6
VIC,Aug 2022,244.7,36.2,57.8,27.6,366.3,303.9,445.6,210.8,70.7,59.4,130,92.0
VIC,Sep 2022,247.8,37.8,60.7,27,373.3,309.5,434.9,206.1,62.9,56.7,119.7,84.3
VIC,Oct 2022,240.5,34.7,56.1,24.7,356.0,289.9,421.4,205.9,68.5,65.4,134,77.9
VIC,Nov 2022,247.2,36.0,57.4,23.7,364.3,295.2,467.0,217.8,87.4,70.6,158.1,81.5
VIC,Dec 2022,268.3,40.1,66.6,27.3,402.3,326.9,508.7,223.6,95.3,79,174.3,83.7
VIC,Jan 2023,238.7,33.3,65.3,24.3,361.5,291.2,446.0,199.5,94.3,82.4,176.7,83.5
VIC,Feb 2023,226.3,32.3,61.4,24.5,344.6,280.8,455.0,209.7,87.3,72.7,160.1,87.6
VIC,Mar 2023,257.3,37.6,69.4,27.5,391.8,321.2,511.4,233.9,96.2,81.3,177.5,92.7
VIC,Apr 2023,233.9,33.5,64.4,20.5,352.3,291.0,447.4,202.2,89.2,75.6,164.8,79.2
VIC,May 2023,254.5,37.5,68.4,26.8,387.1,320.4,511.3,232.9,85.2,95.4,180.6,87.8
VIC,Jun 2023,228.6,33.6,61.6,24.9,348.7,281.7,439.2,206.4,80.1,99.8,179.9,84.4
VIC,Jul 2023,237.6,34.3,65.3,25,362.3,291.9,439.0,205.9,88.5,104,192.5,93.4
VIC,Aug 2023,243.3,35.5,63.3,26.1,368.2,295.9,453.8,213.2,88.9,103.2,192.1,92.0
VIC,Sep 2023,236.7,34.0,60.8,24.1,355.5,284.8,443.2,200.9,86.3,98.6,185,70.1
VIC,Oct 2023,257.4,36.9,66.5,25.3,386.1,311.3,493.3,219.5,92.1,112.2,204.3,86.2
VIC,Nov 2023,247.7,35.7,66.9,25.9,376.2,299.6,516.9,224.2,93.4,109,202.5,80.4
VIC,Dec 2023,252.9,38.0,70.8,26.5,388.1,312.4,466.9,217.0,96.4,116.6,213,82.9
VIC,Jan 2024,235.9,35.5,66.9,24.5,362.8,286.2,433.6,195.4,111,118.4,229.4,77.4
VIC,Feb 2024,233.9,34.8,64.4,24,356.9,285.9,482.0,215.9,96.2,105.5,201.7,91.0
VIC,Mar 2024,252.3,39.2,71.4,26.9,389.8,314.9,484.3,222.6,101.7,117.2,218.9,85.4
VIC,Apr 2024,227.3,34.6,62.9,23,347.7,276.2,471.2,204.9,100.6,110.5,211.1,80.2
VIC,May 2024,254.2,38.2,67.8,25.9,386.1,311.0,516.1,231.5,89.2,109.3,198.5,82.2
VIC,Jun 2024,225.3,33.5,62.2,24.1,345.1,273.9,433.0,198.1,92.8,117.7,210.5,77.2
VIC,Jul 2024,239.4,36.0,65,23.9,364.2,290.0,453.7,210.6,97.3,118.3,215.6,78.8
VIC,Aug 2024,239.9,36.9,68.1,23,367.9,292.2,458.7,209.0,93.6,115.5,209.1,71.7
VIC,Sep 2024,227.2,35.1,67,23.4,352.7,281.8,445.2,201.4,96.4,112.7,209,67.3
VIC,Oct 2024,248.1,39.2,74.3,24.6,386.2,307.9,519.4,229.1,98.2,114.8,212.9,81.8
VIC,Nov 2024,236.1,37.2,70.4,22.5,366.2,288.7,492.1,210.8,95.3,115.7,211,75.2
VIC,Dec 2024,242.5,38.8,74.4,23.4,379.0,297.2,471.6,207.6,100.2,130.1,230.3,73.9
VIC,Jan 2025,227.0,37.1,67.8,21.7,353.6,280.0,433.8,192.1,104.8,136.8,241.6,70.3
VIC,Feb 2025,220.3,35.6,65.5,20.9,342.3,277.7,457.1,203.0,86,120.6,206.6,77.2
VIC,Mar 2025,246.0,41.6,73.8,21.8,383.3,315.0,491.3,220.8,91.6,124.6,216.2,83.4
VIC,Apr 2025,227.2,37.2,70.9,21.9,357.3,278.1,468.4,204.9,96.4,122.9,219.3,77.6
VIC,May 2025,242.1,40.5,76.1,21.8,380.5,310.4,509.0,225.0,92.1,124.1,216.2,78.6
VIC,Jun 2025,223.4,36.6,67.6,21.4,349.0,276.4,466.3,202.7,86.3,129.7,216.1,75.7
VIC,Jul 2025,227.7,37.0,68.4,21.6,354.8,278.7,452.7,207.1,94.3,150.9,245.2,76.3
VIC,Aug 2025,230.9,37.7,70.6,21,360.1,285.6,449.6,210.6,132.3,140.2,272.5,74.1
VIC,Sep 2025,222.2,37.1,68,20.4,347.7,277.3,446.2,203.6,92.5,134.7,227.2,73.3
VIC,Oct 2025,240.4,40.9,74.5,22.1,377.9,300.0,508.4,223.9,102.6,149.3,251.9,73.8
VIC,Nov 2025,227.2,39.1,70.2,20.5,357.0,283.7,478.8,208.4,98.1,134.7,232.9,63.9
VIC,Dec 2025,244.2,41.7,77.4,22,385.3,299.6,503.6,210.6,110.3,140.9,251.2,84.1
VIC,Jan 2026,217.7,37.7,71,18.4,344.8,271.0,438.2,196.2,144.4,142.7,287.1,64.6
WA,Jul 2010,137.1,19.7,12,n.p.,168.8,148.9,371.9,49.5,n.p.,n.p.,66.7,50.7
WA,Aug 2010,136.2,20.2,12.5,n.p.,168.8,149.1,388.5,47.9,n.p.,n.p.,67.2,56.3
WA,Sep 2010,125.8,18.8,12.6,n.p.,157.1,137.9,362.3,42.1,45.2,22.1,67.3,56.9
WA,Oct 2010,140.7,21.9,13,n.p.,175.6,149.5,415.7,58.0,n.p.,n.p.,67.2,53.4
WA,Nov 2010,132.7,20.6,12.4,n.p.,165.7,140.9,437.7,45.9,n.p.,n.p.,69.5,53.2
WA,Dec 2010,146.8,23.8,13.8,n.p.,184.4,157.6,403.0,50.4,n.p.,n.p.,72.6,55.1
WA,Jan 2011,123.8,18.7,11.6,n.p.,154.2,131.2,355.6,35.0,n.p.,n.p.,70.7,44.6
WA,Feb 2011,135.8,19.9,11.9,n.p.,167.6,142.9,370.2,43.0,n.p.,n.p.,65.4,47.3
WA,Mar 2011,142.2,21.3,12.6,n.p.,176.2,149.3,426.7,50.1,n.p.,n.p.,74,49.6
WA,Apr 2011,136.6,22.1,11.9,n.p.,170.5,143.8,414.0,52.3,n.p.,n.p.,71.5,38.5
WA,May 2011,132.6,20.2,11.8,n.p.,164.6,138.7,455.6,53.7,n.p.,n.p.,73.1,48.8
WA,Jun 2011,115.7,19.2,11.5,n.p.,146.4,135.5,478.6,50.7,n.p.,n.p.,71.3,53.7
WA,Jul 2011,138.6,19.5,13.2,n.p.,171.3,144.5,423.7,54.0,n.p.,n.p.,71.8,50.9
WA,Aug 2011,140.4,18.8,15.5,n.p.,174.8,146.5,446.0,51.6,n.p.,n.p.,72.9,54.5
WA,Sep 2011,141.7,19.0,15.4,n.p.,176.2,148.0,459.3,55.8,n.p.,n.p.,74.9,53.8
WA,Oct 2011,132.7,20.9,15.1,n.p.,168.7,141.0,458.7,51.8,n.p.,n.p.,74.1,48.4
WA,Nov 2011,141.4,21.6,16.6,n.p.,179.6,151.2,475.5,58.4,n.p.,n.p.,73.1,55.4
WA,Dec 2011,142.1,22.5,17.4,n.p.,181.9,153.0,465.0,51.8,n.p.,n.p.,71.5,42.6
WA,Jan 2012,129.2,20.5,16.2,n.p.,165.9,139.7,402.0,44.8,n.p.,n.p.,80.5,48.5
WA,Feb 2012,137.4,21.8,16.2,n.p.,175.4,149.1,452.8,51.9,n.p.,n.p.,70.9,55.4
WA,Mar 2012,141.2,21.7,17.7,n.p.,180.5,151.6,460.0,55.6,n.p.,n.p.,76.5,54.5
WA,Apr 2012,125.8,20.2,15.5,n.p.,161.4,134.1,454.0,48.5,n.p.,n.p.,74.2,45.9
WA,May 2012,139.0,21.6,17,n.p.,177.6,148.6,512.0,60.5,n.p.,n.p.,76,45.2
WA,Jun 2012,125.1,19.3,16.4,n.p.,160.8,139.5,466.3,57.1,n.p.,n.p.,72.4,40.8
WA,Jul 2012,132.6,18.8,17,n.p.,168.5,145.4,464.6,63.5,n.p.,n.p.,79.1,48.8
WA,Aug 2012,135.6,20.9,18.3,n.p.,174.8,151.3,496.5,68.0,n.p.,n.p.,79.7,39.2
WA,Sep 2012,138.1,22.5,19.3,n.p.,179.8,144.3,454.0,63.6,n.p.,n.p.,74.4,43.8
WA,Oct 2012,141.4,22.5,19.6,n.p.,183.6,145.4,511.1,67.2,n.p.,n.p.,86.4,42.7
WA,Nov 2012,143.1,23.0,20.5,n.p.,186.7,149.5,522.6,68.2,n.p.,n.p.,80.7,40.9
WA,Dec 2012,144.7,23.5,20.7,n.p.,189.0,151.2,481.7,60.6,n.p.,n.p.,86.5,39.9
WA,Jan 2013,135.2,22.7,20.2,n.p.,178.2,147.0,478.1,59.0,n.p.,n.p.,87.8,34.2
WA,Feb 2013,140.1,22.6,19.8,n.p.,182.5,149.3,464.0,60.3,n.p.,n.p.,77.7,37.8
WA,Mar 2013,143.7,23.0,20.9,n.p.,187.7,151.2,488.7,62.8,n.p.,n.p.,84.4,34.7
WA,Apr 2013,138.3,22.5,20.2,n.p.,181.1,145.1,538.9,62.9,n.p.,n.p.,84.9,36.8
WA,May 2013,138.6,22.5,20.6,n.p.,181.7,145.7,559.7,67.2,n.p.,n.p.,85.4,42.1
WA,Jun 2013,136.1,22.2,19.6,n.p.,177.9,144.5,483.5,63.1,n.p.,n.p.,83.6,39.8
WA,Jul 2013,127.1,17.5,20,n.p.,164.7,148.9,524.4,69.8,n.p.,n.p.,88.2,37.4
WA,Aug 2013,128.8,18.1,20.7,n.p.,167.6,151.7,521.4,68.6,n.p.,n.p.,84.1,39.3
WA,Sep 2013,115.8,16.4,19.3,n.p.,151.6,137.7,499.8,64.8,n.p.,n.p.,82.2,37.1
WA,Oct 2013,125.7,17.7,21.4,n.p.,164.8,147.5,552.7,70.6,n.p.,n.p.,87.8,43.1
WA,Nov 2013,123.2,18.1,21.5,n.p.,162.9,148.1,568.6,71.0,n.p.,n.p.,87.2,41.7
WA,Dec 2013,128.9,19.0,22.4,n.p.,170.3,152.8,520.8,70.5,n.p.,n.p.,93.5,38.2
WA,Jan 2014,120.0,17.2,20.6,n.p.,157.8,143.4,505.9,66.4,n.p.,n.p.,94.6,38.2
WA,Feb 2014,121.9,17.6,20.5,n.p.,160.0,147.3,499.8,68.0,n.p.,n.p.,76,41.3
WA,Mar 2014,122.9,17.7,21.4,n.p.,162.0,147.7,552.7,71.4,n.p.,n.p.,89.2,38.3
WA,Apr 2014,119.1,16.2,21.6,n.p.,156.8,140.7,566.1,69.2,n.p.,n.p.,91.9,33.6
WA,May 2014,119.7,17.1,21,n.p.,157.8,143.3,605.8,71.9,n.p.,n.p.,84.8,37.7
WA,Jun 2014,113.8,16.5,19.9,n.p.,150.1,137.2,576.3,69.7,n.p.,n.p.,107.4,34.9
WA,Jul 2014,122.6,17.7,20.3,n.p.,160.5,142.4,510.8,72.0,n.p.,n.p.,88.3,31.1
WA,Aug 2014,125.3,18.6,22.2,n.p.,166.1,148.7,517.1,71.2,n.p.,n.p.,88.3,34.8
WA,Sep 2014,116.3,17.2,21.2,n.p.,154.8,138.0,500.4,69.5,n.p.,n.p.,83.1,34.2
WA,Oct 2014,124.5,18.2,22.9,n.p.,165.6,145.3,554.1,74.1,n.p.,n.p.,99.5,31.4
WA,Nov 2014,118.2,17.9,21.9,n.p.,158.1,142.1,544.8,71.3,n.p.,n.p.,83.8,31.4
WA,Dec 2014,127.4,19.5,24.7,n.p.,171.7,151.3,519.0,75.0,n.p.,n.p.,95,36.1
WA,Jan 2015,114.8,17.6,22.6,n.p.,155.0,139.7,504.4,70.8,n.p.,n.p.,92.4,36.2
WA,Feb 2015,119.2,18.5,22.2,n.p.,159.9,145.3,471.7,73.6,n.p.,n.p.,83.4,30.3
WA,Mar 2015,122.0,18.9,23.4,n.p.,164.3,148.0,502.8,78.7,n.p.,n.p.,92.3,37.4
WA,Apr 2015,115.9,17.9,22.5,n.p.,156.3,140.2,551.1,75.1,n.p.,n.p.,91.5,28.5
WA,May 2015,117.8,18.0,22.4,n.p.,158.1,143.8,571.5,80.1,n.p.,n.p.,88.6,38.9
WA,Jun 2015,113.9,17.4,20.9,n.p.,152.1,139.2,519.3,77.6,n.p.,n.p.,88.2,34.1
WA,Jul 2015,123.4,18.9,22.3,n.p.,164.5,148.5,544.9,84.9,n.p.,n.p.,91,33.9
WA,Aug 2015,126.2,19.6,23.5,n.p.,169.2,153.7,518.4,83.6,n.p.,n.p.,84.9,31.0
WA,Sep 2015,117.3,18.0,23.2,n.p.,158.5,143.1,501.5,81.6,n.p.,n.p.,86.3,29.4
WA,Oct 2015,121.9,18.6,23.8,n.p.,164.3,149.4,565.2,83.9,n.p.,n.p.,87.2,26.2
WA,Nov 2015,120.3,18.3,24,n.p.,162.7,149.3,564.2,81.8,n.p.,n.p.,84.5,26.9
WA,Dec 2015,125.7,19.7,25.3,n.p.,170.7,154.3,540.6,85.0,n.p.,n.p.,82,31.6
WA,Jan 2016,114.8,17.9,23.2,n.p.,155.9,143.4,506.5,74.5,n.p.,n.p.,96.3,29.0
WA,Feb 2016,125.4,19.3,24.2,n.p.,168.9,154.7,467.5,82.1,n.p.,n.p.,82,28.6
WA,Mar 2016,123.6,19.0,24.9,n.p.,167.5,151.9,517.2,84.9,n.p.,n.p.,88.5,30.0
WA,Apr 2016,118.2,17.8,23.7,n.p.,159.7,146.6,537.2,83.0,n.p.,n.p.,84.7,32.3
WA,May 2016,120.5,18.3,24,n.p.,162.7,148.9,527.9,85.9,n.p.,n.p.,82.3,29.0
WA,Jun 2016,115.1,17.6,22.1,n.p.,154.7,143.0,513.9,85.0,n.p.,n.p.,80.5,34.8
WA,Jul 2016,128.1,19.4,24.2,n.p.,171.7,154.9,485.6,87.7,n.p.,n.p.,84.5,35.0
WA,Aug 2016,128.6,19.6,25,n.p.,173.2,156.4,459.1,89.0,n.p.,n.p.,86.3,30.5
WA,Sep 2016,123.4,18.6,24.9,n.p.,166.9,151.4,546.5,85.7,n.p.,n.p.,86.5,28.4
WA,Oct 2016,123.9,18.7,24.7,n.p.,167.3,151.4,537.8,87.0,n.p.,n.p.,86.4,27.6
WA,Nov 2016,126.0,18.8,24.6,n.p.,169.4,151.3,562.1,87.5,n.p.,n.p.,88.4,24.6
WA,Dec 2016,129.2,19.9,25.3,n.p.,174.3,155.1,546.5,87.0,n.p.,n.p.,90.8,53.3
WA,Jan 2017,112.9,16.4,21.6,n.p.,150.9,165.0,526.6,88.6,n.p.,n.p.,88.2,27.7
WA,Feb 2017,114.5,17.2,21,n.p.,152.7,167.8,509.4,92.2,n.p.,n.p.,75.9,27.3
WA,Mar 2017,118.3,17.6,22.7,n.p.,158.5,171.4,607.3,91.9,n.p.,n.p.,92.3,55.3
WA,Apr 2017,109.7,16.4,21.7,n.p.,147.8,160.6,523.1,88.8,n.p.,n.p.,n.p.,41.3
WA,May 2017,116.5,17.2,22.6,n.p.,156.3,169.6,627.0,97.2,n.p.,n.p.,n.p.,56.2
WA,Jun 2017,109.7,16.9,21.2,n.p.,147.8,160.4,588.8,91.8,n.p.,n.p.,81.3,65.1
WA,Jul 2017,115.5,17.6,22,n.p.,155.2,167.3,524.1,93.8,n.p.,n.p.,83.9,26.3
WA,Aug 2017,118.0,18.2,22.8,n.p.,159.0,170.4,560.5,97.5,n.p.,n.p.,86.2,31.3
WA,Sep 2017,108.3,16.7,21.3,n.p.,146.2,158.5,540.5,90.6,n.p.,n.p.,82.4,24.3
WA,Oct 2017,116.6,17.8,22.4,n.p.,156.8,167.9,522.5,95.2,n.p.,n.p.,n.p.,29.3
WA,Nov 2017,113.4,17.6,21.5,n.p.,152.6,164.5,644.4,96.1,n.p.,n.p.,n.p.,27.7
WA,Dec 2017,117.6,18.7,22.1,n.p.,158.4,169.8,549.5,91.1,n.p.,n.p.,n.p.,30.7
WA,Jan 2018,115.2,17.8,21.2,n.p.,154.2,139.0,477.0,88.0,n.p.,n.p.,n.p.,33.9
WA,Feb 2018,108.1,17.1,19.6,n.p.,144.8,131.3,516.1,85.2,n.p.,n.p.,75.8,33.9
WA,Mar 2018,118.8,18.5,22.6,n.p.,159.9,143.8,565.0,95.6,n.p.,n.p.,83.1,44.4
WA,Apr 2018,111.2,17.2,20,n.p.,148.4,133.7,533.2,89.9,n.p.,n.p.,n.p.,35.0
WA,May 2018,116.5,18.0,20.3,n.p.,154.7,139.8,597.0,98.4,n.p.,n.p.,n.p.,42.5
WA,Jun 2018,109.8,16.8,18.9,n.p.,145.4,130.9,606.7,91.2,n.p.,n.p.,n.p.,39.0
WA,Jul 2018,114.7,17.4,19.5,n.p.,151.5,136.3,506.6,93.7,n.p.,n.p.,n.p.,33.0
WA,Aug 2018,115.1,18.0,20.4,n.p.,153.5,138.4,552.9,95.7,n.p.,n.p.,n.p.,38.7
WA,Sep 2018,108.4,17.1,19.2,n.p.,144.6,115.0,519.5,90.5,n.p.,n.p.,n.p.,62.8
WA,Oct 2018,120.8,18.1,19.1,n.p.,158.1,140.5,575.8,95.3,n.p.,n.p.,n.p.,42.0
WA,Nov 2018,117.4,17.8,19.8,n.p.,155.0,138.6,580.0,93.9,n.p.,n.p.,n.p.,37.5
WA,Dec 2018,117.9,18.6,21.4,n.p.,158.0,141.6,553.9,91.3,n.p.,n.p.,n.p.,35.6
WA,Jan 2019,110.8,17.4,20.4,n.p.,148.7,131.8,529.5,88.3,n.p.,n.p.,n.p.,36.6
WA,Feb 2019,107.5,16.9,19.4,n.p.,143.8,129.4,504.8,85.3,n.p.,n.p.,n.p.,39.9
WA,Mar 2019,115.7,18.5,20.6,n.p.,154.8,140.2,538.1,94.9,n.p.,n.p.,n.p.,39.5
WA,Apr 2019,112.7,17.8,19.5,n.p.,150.0,134.0,575.4,93.5,n.p.,n.p.,n.p.,34.4
WA,May 2019,116.4,18.0,19.8,n.p.,154.3,138.2,628.9,100.2,n.p.,n.p.,n.p.,36.3
WA,Jun 2019,106.4,16.6,18.2,n.p.,141.2,128.5,579.0,92.8,n.p.,n.p.,n.p.,32.9
WA,Jul 2019,115.1,17.9,19.6,n.p.,152.5,136.8,549.2,98.2,n.p.,n.p.,n.p.,31.7
WA,Aug 2019,113.4,18.0,20,n.p.,151.4,134.0,588.1,96.7,n.p.,n.p.,n.p.,34.3
WA,Sep 2019,112.0,17.9,19.8,n.p.,149.8,135.2,568.7,96.6,n.p.,n.p.,n.p.,37.4
WA,Oct 2019,116.4,18.2,19.9,n.p.,154.5,138.6,591.6,99.8,n.p.,n.p.,n.p.,37.5
WA,Nov 2019,113.0,18.3,19.8,n.p.,151.1,135.8,624.2,96.0,n.p.,n.p.,n.p.,42.9
WA,Dec 2019,119.8,19.9,21.2,n.p.,160.9,144.8,557.6,93.9,n.p.,n.p.,n.p.,39.3
WA,Jan 2020,105.9,16.9,18.5,n.p.,141.3,126.6,530.4,91.8,n.p.,n.p.,n.p.,39.1
WA,Feb 2020,105.7,17.3,19,n.p.,141.9,128.0,545.6,95.0,n.p.,n.p.,n.p.,36.5
WA,Mar 2020,106.4,17.0,20.3,n.p.,143.7,128.7,635.6,95.2,n.p.,n.p.,n.p.,42.2
WA,Apr 2020,63.2,10.0,13.4,n.p.,86.6,76.5,528.2,65.7,n.p.,n.p.,n.p.,28.2
WA,May 2020,86.9,14.8,18.9,n.p.,120.6,107.9,611.0,85.0,n.p.,n.p.,n.p.,29.5
WA,Jun 2020,97.2,16.5,20.3,n.p.,134.0,120.4,609.1,87.6,n.p.,n.p.,n.p.,32.7
WA,Jul 2020,105.1,18.1,22.3,n.p.,145.5,129.6,570.7,97.6,n.p.,n.p.,n.p.,28.4
WA,Aug 2020,106.1,18.4,23,n.p.,147.6,132.3,581.6,95.8,n.p.,n.p.,n.p.,38.1
WA,Sep 2020,104.9,18.2,22.9,n.p.,146.0,129.4,605.5,96.4,n.p.,n.p.,n.p.,28.8
WA,Oct 2020,107.7,19.0,24,n.p.,150.7,125.9,630.3,110.4,n.p.,n.p.,n.p.,33.3
WA,Nov 2020,105.8,18.8,23.2,n.p.,147.9,130.8,642.5,96.9,n.p.,n.p.,n.p.,16.9
WA,Dec 2020,111.3,20.2,24.8,n.p.,156.4,139.3,564.0,99.6,n.p.,n.p.,n.p.,30.6
WA,Jan 2021,106.6,19.3,23.6,n.p.,149.5,128.0,586.7,95.4,n.p.,n.p.,n.p.,24.7
WA,Feb 2021,91.5,16.1,19.3,n.p.,126.9,109.8,544.1,85.4,n.p.,n.p.,n.p.,31.3
WA,Mar 2021,114.7,20.3,24,n.p.,159.0,136.3,629.1,103.2,n.p.,n.p.,n.p.,31.7
WA,Apr 2021,103.2,18.1,21.1,n.p.,142.4,119.7,628.9,99.3,n.p.,n.p.,n.p.,28.5
WA,May 2021,108.3,19.0,22.9,n.p.,150.2,127.9,678.0,104.7,n.p.,n.p.,n.p.,35.1
WA,Jun 2021,104.8,18.8,22.4,n.p.,146.0,123.0,639.9,102.1,n.p.,n.p.,n.p.,30.9
WA,Jul 2021,101.2,17.8,21.2,n.p.,140.2,124.6,635.6,109.2,n.p.,n.p.,n.p.,31.6
WA,Aug 2021,111.1,19.8,23.6,n.p.,154.5,138.0,670.3,111.9,n.p.,n.p.,n.p.,33.8
WA,Sep 2021,106.7,19.2,23.1,n.p.,149.0,125.9,626.2,106.2,n.p.,n.p.,n.p.,48.9
WA,Oct 2021,109.0,18.8,22.4,n.p.,150.2,132.6,661.9,111.6,n.p.,n.p.,n.p.,32.7
WA,Nov 2021,113.5,19.5,22.7,n.p.,155.7,139.1,676.7,113.8,n.p.,n.p.,n.p.,38.7
WA,Dec 2021,113.2,20.1,23.5,n.p.,156.7,138.5,665.0,110.8,n.p.,n.p.,n.p.,29.8
WA,Jan 2022,104.9,18.4,21.3,n.p.,144.6,128.1,593.2,102.5,n.p.,n.p.,n.p.,44.2
WA,Feb 2022,101.4,17.3,19.3,n.p.,138.0,122.7,591.8,102.7,n.p.,n.p.,n.p.,28.3
WA,Mar 2022,107.8,17.6,18.4,n.p.,143.8,127.4,646.0,111.0,n.p.,n.p.,n.p.,76.8
WA,Apr 2022,98.3,16.5,18.9,n.p.,133.8,118.3,612.1,103.3,n.p.,n.p.,n.p.,30.1
WA,May 2022,102.7,16.9,18.6,n.p.,138.3,122.4,647.2,112.6,n.p.,n.p.,n.p.,30.8
WA,Jun 2022,103.5,17.0,17.8,n.p.,138.2,121.7,629.7,107.7,n.p.,n.p.,n.p.,62.5
WA,Jul 2022,104.1,17.0,18.9,n.p.,140.0,125.5,615.9,110.9,n.p.,n.p.,n.p.,44.0
WA,Aug 2022,106.3,17.6,19.6,n.p.,143.5,128.0,644.0,110.5,n.p.,n.p.,n.p.,29.5
WA,Sep 2022,107.7,18.0,21.1,n.p.,146.8,128.8,643.2,107.4,n.p.,n.p.,n.p.,29.9
WA,Oct 2022,101.8,17.1,19.2,n.p.,138.2,122.8,637.2,110.8,n.p.,n.p.,n.p.,30.2
WA,Nov 2022,109.9,18.3,20.1,n.p.,148.3,133.6,711.3,117.9,n.p.,n.p.,n.p.,27.8
WA,Dec 2022,110.4,18.9,22.4,n.p.,151.8,136.8,686.0,118.4,n.p.,n.p.,n.p.,32.6
WA,Jan 2023,102.0,21.3,24.7,n.p.,148.0,131.4,619.4,106.3,n.p.,n.p.,n.p.,24.5
WA,Feb 2023,100.4,22.5,23.9,n.p.,146.8,133.1,601.5,104.8,n.p.,n.p.,n.p.,26.4
WA,Mar 2023,112.0,25.2,27.3,n.p.,164.6,148.2,666.4,118.5,n.p.,n.p.,n.p.,33.7
WA,Apr 2023,99.2,21.9,24.6,n.p.,145.7,120.0,663.3,102.4,n.p.,n.p.,n.p.,30.4
WA,May 2023,109.1,24.7,26.7,n.p.,160.5,125.2,687.6,112.6,n.p.,n.p.,84.6,31.8
WA,Jun 2023,101.0,22.5,25,n.p.,148.5,122.8,660.1,103.8,n.p.,n.p.,n.p.,27.7
WA,Jul 2023,95.8,21.9,24.6,n.p.,142.2,116.3,637.4,110.9,n.p.,n.p.,n.p.,38.0
WA,Aug 2023,109.1,23.3,25,n.p.,157.3,121.2,651.0,104.8,n.p.,n.p.,n.p.,36.9
WA,Sep 2023,100.2,21.7,23.7,n.p.,145.7,116.9,624.0,105.2,n.p.,n.p.,n.p.,25.5
WA,Oct 2023,108.1,23.5,25.9,n.p.,157.4,121.0,692.0,107.1,n.p.,n.p.,n.p.,39.6
WA,Nov 2023,107.4,23.9,26.1,n.p.,157.4,120.6,722.2,102.3,n.p.,n.p.,n.p.,29.2
WA,Dec 2023,105.4,24.1,27,n.p.,156.5,123.1,665.9,100.9,n.p.,n.p.,n.p.,28.0
WA,Jan 2024,105.4,23.7,26.3,n.p.,155.4,126.7,642.5,101.6,n.p.,n.p.,n.p.,28.3
WA,Feb 2024,107.5,23.7,26.4,n.p.,157.7,130.8,636.4,107.4,n.p.,n.p.,n.p.,31.8
WA,Mar 2024,109.9,25.1,27.4,n.p.,162.4,134.9,642.7,113.0,n.p.,n.p.,n.p.,33.7
WA,Apr 2024,102.1,23.8,24.5,n.p.,150.5,123.1,675.9,103.5,n.p.,n.p.,n.p.,30.1
WA,May 2024,108.4,24.5,25.7,n.p.,158.5,127.7,725.8,112.3,n.p.,n.p.,n.p.,44.0
WA,Jun 2024,98.0,22.1,24.5,n.p.,144.7,118.7,630.3,105.4,n.p.,n.p.,n.p.,33.6
WA,Jul 2024,104.2,23.4,25,n.p.,152.7,126.9,676.2,113.5,n.p.,n.p.,n.p.,30.6
WA,Aug 2024,103.4,24.2,26.6,n.p.,154.2,128.1,667.7,112.7,n.p.,n.p.,n.p.,29.5
WA,Sep 2024,102.0,23.5,27.4,n.p.,152.8,124.6,660.1,108.2,n.p.,n.p.,n.p.,26.6
WA,Oct 2024,113.8,24.9,28.5,n.p.,167.2,134.9,713.8,122.5,n.p.,n.p.,n.p.,27.7
WA,Nov 2024,107.5,24.4,27.4,n.p.,159.3,122.9,703.4,116.5,n.p.,n.p.,n.p.,28.2
WA,Dec 2024,113.1,26.3,29.4,n.p.,168.8,130.8,680.9,115.4,n.p.,n.p.,n.p.,27.5
WA,Jan 2025,97.1,18.5,22.3,n.p.,137.9,106.5,590.8,95.6,n.p.,n.p.,n.p.,23.9
WA,Feb 2025,96.6,18.0,21.6,n.p.,136.2,107.0,595.8,93.7,n.p.,n.p.,n.p.,27.1
WA,Mar 2025,104.0,19.8,23.7,n.p.,147.5,112.7,674.9,102.8,n.p.,n.p.,n.p.,28.8
WA,Apr 2025,102.3,19.5,24,n.p.,145.8,111.5,685.8,100.3,n.p.,n.p.,n.p.,24.2
WA,May 2025,100.3,18.9,23.6,n.p.,142.8,108.5,692.2,105.0,n.p.,n.p.,n.p.,28.4
WA,Jun 2025,93.2,17.8,21.6,n.p.,132.5,99.8,680.7,97.8,n.p.,n.p.,n.p.,28.9
WA,Jul 2025,99.4,18.8,22.7,n.p.,141.0,102.9,671.1,103.1,n.p.,n.p.,n.p.,26.2
WA,Aug 2025,97.2,18.7,22.8,n.p.,138.7,98.9,671.7,105.1,n.p.,n.p.,n.p.,28.0
WA,Sep 2025,97.2,18.7,23.2,n.p.,139.1,98.3,643.9,98.9,n.p.,n.p.,n.p.,29.5
WA,Oct 2025,102.6,19.6,23.8,n.p.,145.9,99.6,757.9,104.2,n.p.,n.p.,n.p.,29.3
WA,Nov 2025,100.8,19.9,23.5,n.p.,144.2,99.0,680.0,102.5,n.p.,n.p.,n.p.,26.9
WA,Dec 2025,106.7,21.1,25.7,n.p.,153.6,101.9,698.0,99.8,n.p.,n.p.,n.p.,27.9
WA,Jan 2026,96.1,19.1,23.6,n.p.,138.8,92.9,676.7,94.4,n.p.,n.p.,n.p.,25.2