Month,Crude oil and refinery feedstocks (ML),LPG (ML),Automotive gasoline (ML),Aviation gasoline (ML),Aviation turbine fuel (ML),Diesel oil (ML),Fuel oil (ML),"Lubricating oils, greases & basestocks (ML)",Other products (ML),Total stocks COE (ML)
Jul 2010,"3,191.5",321.8,"1,137.0",24.1,293.2,938.6,112.8,70.0,809.4,"7,139.4"
Aug 2010,"3,194.7",291.3,"1,058.0",26.2,321.2,906.0,136.1,69.9,821.7,"7,061.1"
Sep 2010,"3,210.2",283.1,"1,030.8",25.9,356.8,"1,047.7",81.1,73.7,738.1,"7,083.9"
Oct 2010,"3,201.6",255.6,"1,027.8",23.9,311.9,959.4,106.4,74.0,739.0,"6,927.0"
Nov 2010,"3,278.1",342.5,886.9,24.6,397.1,943.8,123.1,82.9,678.7,"6,983.8"
Dec 2010,"3,050.6",338.7,801.9,22.8,334.8,934.2,109.9,80.4,774.1,"6,668.1"
Jan 2011,"3,039.9",356.1,950.3,24.8,302.8,979.3,107.2,72.9,775.1,"6,840.4"
Feb 2011,"3,237.1",269.4,929.8,22.6,334.8,914.4,83.7,65.8,769.4,"6,847.4"
Mar 2011,"3,341.0",317.5,931.9,20.0,359.5,941.8,85.7,71.4,701.9,"6,993.7"
Apr 2011,"3,141.7",301.4,995.2,17.4,332.1,"1,079.5",84.1,65.5,558.8,"6,798.9"
May 2011,"3,289.7",335.7,966.5,16.5,347.5,"1,040.0",70.3,53.6,712.8,"7,062.9"
Jun 2011,"3,210.1",224.5,"1,076.1",21.9,345.5,"1,000.8",95.7,43.7,647.8,"6,890.8"
Jul 2011,"3,373.8",239.4,"1,116.4",15.2,346.1,961.5,85.5,38.6,765.2,"7,173.6"
Aug 2011,"3,391.5",345.8,"1,123.4",23.7,374.4,"1,029.8",80.5,35.6,786.8,"7,438.4"
Sep 2011,"2,955.9",349.2,"1,078.1",17.1,431.2,911.6,81.0,26.0,791.9,"6,881.5"
Oct 2011,"2,784.3",387.3,944.6,16.4,380.4,947.7,91.5,25.6,814.7,"6,627.2"
Nov 2011,"3,204.7",363.9,913.2,21.3,438.1,920.3,102.5,25.6,779.1,"7,000.2"
Dec 2011,"2,987.7",334.2,"1,022.0",19.4,396.9,"1,018.6",84.6,25.6,857.8,"6,991.0"
Jan 2012,"2,949.2",293.2,948.9,21.6,311.8,"1,178.7",69.3,14.7,708.0,"6,725.8"
Feb 2012,"3,330.3",217.9,918.0,25.2,361.0,976.9,113.3,14.7,675.7,"6,847.7"
Mar 2012,"3,190.9",346.3,896.6,23.2,328.6,938.1,80.9,14.8,708.3,"6,744.6"
Apr 2012,"3,364.0",272.3,"1,015.9",20.3,414.7,"1,131.7",101.4,14.7,732.2,"7,307.9"
May 2012,"3,198.9",363.1,"1,067.7",18.7,382.2,"1,074.6",130.7,14.8,741.2,"7,238.6"
Jun 2012,"2,893.3",314.6,"1,064.6",16.8,334.8,"1,092.9",77.1,14.8,847.1,"6,900.5"
Jul 2012,"3,038.9",285.5,"1,013.7",20.4,342.8,"1,022.7",96.0,14.7,825.3,"6,895.2"
Aug 2012,"3,011.4",239.3,"1,028.8",25.2,338.4,995.3,66.3,14.9,890.2,"6,843.7"
Sep 2012,"3,385.3",296.1,"1,042.9",34.5,343.9,"1,021.6",77.6,15.0,774.4,"7,225.6"
Oct 2012,"2,817.7",227.9,"1,037.6",25.7,311.1,947.1,63.4,14.7,758.9,"6,424.3"
Nov 2012,"2,678.6",280.1,947.0,18.0,309.2,674.3,111.6,14.7,649.0,"5,877.7"
Dec 2012,"2,629.4",325.3,887.2,18.6,366.9,998.1,73.3,14.7,797.2,"6,336.8"
Jan 2013,"2,213.8",322.8,959.1,20.2,329.9,"1,170.1",60.0,14.6,777.3,"6,105.4"
Feb 2013,"2,545.1",293.1,"1,000.3",20.4,370.1,"1,110.2",83.8,14.6,787.3,"6,464.1"
Mar 2013,"2,339.6",245.6,"1,074.7",22.2,407.3,"1,128.0",87.1,14.6,751.5,"6,313.2"
Apr 2013,"2,569.9",280.6,"1,089.5",17.9,410.2,"1,038.9",76.6,14.6,862.7,"6,607.3"
May 2013,"2,527.4",266.1,"1,065.3",19.4,405.7,"1,038.3",80.0,14.6,740.4,"6,393.2"
Jun 2013,"2,686.9",171.8,"1,170.4",13.3,369.6,"1,209.3",118.6,14.6,721.7,"6,722.6"
Jul 2013,"2,607.2",231.1,"1,207.9",23.9,359.8,"1,142.1",114.7,14.6,746.0,"6,697.0"
Aug 2013,"2,554.7",254.8,"1,095.9",26.9,387.7,"1,042.8",110.8,14.6,745.5,"6,473.0"
Sep 2013,"2,623.3",275.2,958.0,23.8,333.7,"1,019.0",69.9,14.6,701.0,"6,239.4"
Oct 2013,"2,176.6",297.3,944.7,24.2,345.1,"1,048.8",134.5,14.6,675.7,"5,887.9"
Nov 2013,"2,416.8",279.2,937.5,28.5,389.7,"1,025.4",109.5,14.6,668.5,"6,094.3"
Dec 2013,"2,495.7",288.1,935.3,28.5,366.6,"1,206.9",119.0,14.6,591.2,"6,276.6"
Jan 2014,"2,255.1",352.4,980.1,33.1,350.5,"1,157.6",141.7,14.6,694.1,"6,221.4"
Feb 2014,"2,466.0",270.5,"1,023.9",26.7,321.3,978.8,146.8,14.6,701.2,"6,176.1"
Mar 2014,"2,620.9",214.4,"1,010.1",29.8,425.5,954.6,104.3,14.6,677.2,"6,274.5"
Apr 2014,"2,589.3",250.5,"1,035.0",31.0,330.2,838.3,118.0,14.6,660.5,"6,080.7"
May 2014,"2,529.3",359.4,"1,009.6",28.0,438.0,843.5,122.1,14.6,750.0,"6,326.4"
Jun 2014,"2,590.6",247.3,"1,022.9",22.9,376.5,785.5,130.1,14.6,795.2,"6,206.3"
Jul 2014,"2,562.5",262.7,942.4,27.6,400.1,890.7,125.5,14.6,773.7,"6,223.2"
Aug 2014,"2,674.0",293.2,"1,011.4",28.1,413.9,"1,067.9",132.5,14.6,645.6,"6,515.8"
Sep 2014,"2,814.6",318.2,940.7,27.5,421.3,"1,121.8",83.5,14.6,641.2,"6,615.4"
Oct 2014,"2,436.5",345.5,870.1,30.9,460.6,885.8,82.2,14.6,609.3,"5,950.0"
Nov 2014,"2,323.2",293.2,828.5,25.1,435.7,937.7,86.9,14.6,585.9,"5,739.2"
Dec 2014,"2,327.9",357.9,898.8,28.4,477.6,"1,110.4",96.8,14.6,590.7,"6,135.6"
Jan 2015,"2,122.2",346.9,961.2,27.9,410.9,"1,188.8",108.0,14.6,665.3,"6,087.8"
Feb 2015,"2,174.2",322.4,"1,056.3",24.6,428.8,"1,174.9",102.0,14.6,605.5,"6,145.7"
Mar 2015,"2,143.3",152.3,980.0,26.8,459.4,"1,052.5",88.2,14.6,610.4,"5,747.3"
Apr 2015,"1,982.0",191.8,"1,185.9",23.5,492.4,"1,111.1",64.8,14.6,656.3,"5,965.6"
May 2015,"1,867.0",185.9,"1,132.2",18.9,421.7,"1,030.5",83.1,14.6,607.0,"5,587.9"
Jun 2015,"2,272.5",158.2,"1,186.9",21.2,466.8,"1,052.6",99.3,14.6,585.6,"6,090.9"
Jul 2015,"2,108.2",250.6,"1,196.8",23.6,422.2,"1,002.9",86.4,14.6,595.7,"5,934.5"
Aug 2015,"2,286.9",269.6,"1,072.1",19.9,466.7,"1,107.6",84.6,14.6,591.0,"6,148.7"
Sep 2015,"2,148.0",246.2,"1,117.4",16.3,461.6,"1,036.3",107.7,14.6,635.5,"6,020.0"
Oct 2015,"2,349.1",187.7,"1,072.0",19.1,505.2,968.2,81.8,14.6,557.4,"5,976.6"
Nov 2015,"1,914.0",166.2,997.8,15.5,483.4,883.5,95.4,14.6,571.1,"5,351.5"
Dec 2015,"2,058.0",221.5,"1,051.8",21.3,426.1,"1,078.6",92.0,14.6,504.7,"5,690.3"
Jan 2016,"2,131.7",266.6,"1,126.0",25.1,531.0,"1,198.2",97.4,40.1,522.1,"6,185.6"
Feb 2016,"2,164.3",292.6,"1,099.1",19.6,428.7,"1,216.4",115.4,51.8,566.5,"6,200.7"
Mar 2016,"1,763.3",315.1,"1,347.9",26.0,477.9,"1,265.5",160.8,47.5,596.6,"6,275.8"
Apr 2016,"1,879.3",323.3,"1,271.9",27.4,425.5,"1,192.0",108.7,38.6,540.3,"6,062.4"
May 2016,"2,074.3",339.1,"1,260.6",29.5,500.4,"1,192.2",115.0,47.0,640.2,"6,466.4"
Jun 2016,"1,993.9",310.0,"1,356.7",28.1,512.6,"1,309.6",75.4,44.4,591.0,"6,496.3"
Jul 2016,"2,178.2",352.9,"1,332.9",23.8,398.1,"1,336.5",73.3,67.6,625.2,"6,662.2"
Aug 2016,"1,940.1",414.8,"1,165.4",29.3,454.9,"1,269.0",72.7,47.9,709.8,"6,374.4"
Sep 2016,"2,069.9",311.0,"1,204.9",26.6,445.2,"1,169.7",72.0,54.6,626.8,"6,235.0"
Oct 2016,"2,012.7",231.1,"1,192.7",22.0,450.3,"1,040.0",80.4,51.9,630.5,"5,952.1"
Nov 2016,"1,919.7",225.5,"1,164.3",18.7,483.6,825.5,105.8,51.4,509.2,"5,523.7"
Dec 2016,"1,893.4",279.6,"1,079.0",25.6,525.2,"1,107.5",75.3,49.6,503.0,"5,775.0"
Jan 2017,"1,645.1",310.0,974.4,21.9,520.7,"1,270.7",102.4,47.3,516.1,"5,653.2"
Feb 2017,"1,777.9",307.8,983.4,24.4,405.8,"1,193.0",103.8,48.2,564.3,"5,644.6"
Mar 2017,"1,602.5",332.5,986.1,31.4,467.3,"1,199.1",79.1,51.2,649.2,"5,645.2"
Apr 2017,"1,963.4",316.5,"1,098.7",27.4,459.2,"1,407.5",81.5,48.0,599.9,"6,264.8"
May 2017,"1,881.2",237.4,"1,234.8",19.9,552.6,"1,314.3",80.2,50.7,558.8,"6,193.0"
Jun 2017,"1,960.8",242.9,"1,177.6",17.8,529.2,"1,105.2",92.0,51.0,572.3,"5,995.0"
Jul 2017,"1,852.7",344.9,"1,015.5",21.9,422.2,"1,043.1",110.7,50.9,558.3,"5,652.2"
Aug 2017,"1,730.9",303.0,"1,152.4",18.3,401.6,"1,192.5",92.9,47.0,583.4,"5,768.6"
Sep 2017,"1,791.9",231.8,"1,049.6",18.6,467.2,"1,184.9",88.6,45.8,596.2,"5,714.0"
Oct 2017,"1,773.3",385.7,"1,006.6",18.9,505.8,"1,285.4",81.8,51.6,528.5,"5,888.9"
Nov 2017,"1,913.0",337.9,969.9,15.0,442.8,"1,103.2",83.2,47.8,511.7,"5,652.6"
Dec 2017,"1,762.0",391.9,"1,032.4",23.9,467.6,"1,214.9",78.1,49.6,532.5,"5,799.3"
Jan 2018,"1,927.4",278.2,"1,025.3",41.1,459.2,"1,573.2",174.5,59.9,618.5,"6,432.0"
Feb 2018,"2,114.4",471.0,"1,133.4",27.1,567.4,"1,396.8",175.6,55.6,676.3,"6,910.4"
Mar 2018,"1,898.7",363.5,"1,113.4",26.7,567.9,"1,548.6",176.1,57.1,748.1,"6,799.1"
Apr 2018,"2,080.6",431.7,"1,091.8",28.5,621.6,"1,582.1",191.7,56.4,650.9,"7,037.8"
May 2018,"2,034.1",453.1,"1,287.8",25.2,577.4,"1,385.8",192.1,56.1,781.3,"7,102.3"
Jun 2018,"2,036.8",372.1,"1,265.5",25.8,554.0,"1,471.8",242.8,59.1,842.2,"7,184.1"
Jul 2018,"2,054.1",367.7,"1,274.4",18.7,605.6,"1,654.9",223.8,57.7,834.3,"7,418.5"
Aug 2018,"2,079.8",325.4,"1,155.5",24.5,652.8,"1,521.5",189.8,49.3,818.3,"7,124.7"
Sep 2018,"2,315.2",345.8,"1,081.9",20.3,605.3,"1,677.8",173.6,50.4,731.7,"7,306.5"
Oct 2018,"2,335.2",380.1,"1,099.2",21.3,636.2,"1,373.4",203.0,46.7,858.1,"7,253.3"
Nov 2018,"1,770.4",477.6,951.6,20.6,518.6,"1,343.0",244.1,51.4,883.4,"6,552.8"
Dec 2018,"1,862.6",413.1,904.1,19.4,607.4,"1,736.7",222.7,50.2,771.3,"6,894.5"
Jan 2019,"1,908.3",330.0,"1,180.2",20.7,581.8,"1,634.2",177.1,65.8,763.5,"6,970.5"
Feb 2019,"2,087.6",475.4,"1,039.2",24.8,660.2,"1,560.6",210.9,50.6,771.5,"7,192.5"
Mar 2019,"2,141.9",406.6,"1,175.0",21.9,634.6,"1,638.3",185.0,54.0,848.4,"7,428.3"
Apr 2019,"2,233.1",339.5,"1,268.1",29.6,716.3,"1,696.1",220.4,57.0,728.5,"7,617.1"
May 2019,"2,210.8",363.5,"1,393.8",22.3,764.7,"1,741.0",196.8,59.0,772.7,"7,870.0"
Jun 2019,"2,211.3",328.0,"1,310.4",27.6,783.1,"1,774.9",242.7,56.0,668.4,"7,740.0"
Jul 2019,"2,416.5",279.7,"1,335.3",24.9,582.5,"1,693.8",201.9,58.3,805.3,"7,721.9"
Aug 2019,"2,215.3",424.0,"1,152.2",21.4,658.7,"1,716.7",193.7,58.0,730.5,"7,492.5"
Sep 2019,"2,271.4",307.8,"1,297.9",26.3,674.0,"1,659.1",201.5,52.5,746.1,"7,559.4"
Oct 2019,"2,275.5",317.3,"1,208.4",20.4,617.5,"1,488.3",157.2,52.6,669.7,"7,101.6"
Nov 2019,"2,343.7",415.3,"1,026.4",21.1,734.3,"1,498.9",168.7,55.2,669.6,"7,231.4"
Dec 2019,"2,168.8",255.1,"1,159.9",30.8,589.7,"1,746.6",209.0,50.2,661.6,"7,177.3"
Jan 2020,"1,985.2",330.8,"1,185.6",30.0,584.4,"1,817.9",247.1,57.9,610.0,"7,165.0"
Feb 2020,"2,198.4",303.2,"1,191.5",26.5,569.6,"1,635.1",251.2,53.7,676.9,"7,212.0"
Mar 2020,"2,254.9",357.6,"1,166.1",28.1,709.5,"1,485.5",189.9,50.6,668.0,"7,212.8"
Apr 2020,"2,027.3",286.9,"1,382.8",31.8,675.0,"1,610.9",210.4,59.5,694.0,"7,300.3"
May 2020,"2,334.1",329.5,"1,197.0",25.6,670.8,"1,425.9",176.8,56.4,597.2,"7,104.6"
Jun 2020,"2,218.3",347.5,"1,160.4",23.7,558.2,"1,581.1",140.5,55.0,577.9,"6,951.4"
Jul 2020,"2,411.0",303.0,"1,105.0",23.5,505.5,"1,631.7",214.5,50.6,644.2,"7,180.1"
Aug 2020,"2,197.8",432.7,"1,106.4",24.4,594.8,"1,883.9",196.1,54.8,660.5,"7,473.5"
Sep 2020,"1,964.4",273.3,"1,206.9",25.5,468.0,"1,689.1",194.9,53.6,718.9,"6,895.5"
Oct 2020,"2,214.4",372.8,"1,064.8",26.6,442.9,"1,662.6",177.8,50.6,760.2,"7,069.1"
Nov 2020,"2,055.5",440.9,"1,022.3",22.1,519.1,"1,755.8",201.0,49.7,841.5,"7,223.4"
Dec 2020,"2,083.8",288.1,"1,123.5",24.6,429.9,"1,623.2",182.0,48.4,684.3,"6,774.2"
Jan 2021,"1,963.6",306.9,"1,433.1",29.4,678.8,"1,908.9",224.9,43.5,822.3,"7,765.5"
Feb 2021,"1,872.6",430.1,"1,347.2",27.7,592.1,"1,708.3",205.8,44.1,622.7,"7,174.4"
Mar 2021,"2,199.1",354.6,"1,372.3",25.1,487.5,"1,691.1",193.1,32.8,665.7,"7,334.8"
Apr 2021,"2,037.9",361.8,"1,390.2",26.3,493.2,"1,583.2",194.9,44.9,677.6,"7,120.3"
May 2021,"1,770.6",407.2,"1,217.7",28.6,370.2,"1,543.9",105.1,45.2,685.0,"6,459.7"
Jun 2021,"1,734.2",358.8,"1,304.0",25.0,534.5,"1,628.3",144.5,44.9,636.5,"6,714.9"
Jul 2021,"1,997.4",292.4,"1,470.7",26.9,485.5,"1,823.3",141.0,43.1,642.7,"7,243.3"
Aug 2021,"1,943.8",348.8,"1,627.0",25.3,532.3,"1,874.9",145.8,46.5,620.9,"7,504.6"
Sep 2021,"1,795.4",355.7,"1,466.5",20.8,504.1,"1,716.2",150.3,43.3,594.1,"6,961.7"
Oct 2021,"1,874.0",354.9,"1,356.4",26.4,524.9,"1,872.7",102.9,52.2,600.3,"7,082.6"
Nov 2021,"1,951.1",357.0,"1,020.4",28.4,539.6,"1,677.0",125.2,20.5,640.6,"6,646.3"
Dec 2021,"1,693.6",371.6,"1,071.9",30.4,498.2,"1,823.7",142.5,55.0,577.4,"6,561.6"
Jan 2022,"1,622.2",350.7,"1,266.7",27.0,479.1,"1,797.8",76.2,54.3,671.2,"6,652.1"
Feb 2022,"1,717.8",328.2,"1,559.1",24.4,505.2,"1,942.6",110.2,57.3,726.7,"7,313.1"
Mar 2022,"1,757.4",278.1,"1,252.0",25.5,449.4,"1,587.2",106.1,53.9,"1,101.6","6,926.7"
Apr 2022,"1,954.9",325.4,"1,210.8",32.0,404.4,"1,696.0",165.1,46.3,654.5,"6,784.2"
May 2022,"2,011.7",201.9,"1,295.9",32.1,371.0,"1,877.2",153.7,48.3,576.8,"6,864.7"
Jun 2022,"1,638.2",289.5,"1,178.5",34.3,450.4,"1,829.2",142.5,51.6,631.3,"6,545.0"
Jul 2022,"1,733.1",274.4,"1,275.8",35.5,444.7,"1,526.4",142.4,56.2,663.6,"6,439.4"
Aug 2022,"1,762.4",322.3,"1,241.8",31.9,464.6,"1,729.3",151.4,58.0,637.7,"6,700.8"
Sep 2022,"1,576.7",278.9,"1,091.1",24.2,386.2,"1,626.0",80.2,56.6,680.6,"6,075.1"
Oct 2022,"1,597.4",319.8,"1,261.9",33.7,439.4,"2,078.4",119.9,63.4,736.9,"6,979.5"
Nov 2022,"1,738.9",324.2,"1,192.4",32.2,421.9,"2,000.5",143.2,58.5,625.1,"6,848.9"
Dec 2022,"1,627.4",318.0,"1,152.4",28.8,465.8,"1,908.7",104.0,60.5,587.4,"6,553.7"
Jan 2023,"1,516.7",318.3,"1,251.6",30.1,418.4,"1,923.0",133.2,64.3,863.7,"6,844.5"
Feb 2023,"1,420.0",289.1,"1,433.4",28.9,357.9,"2,015.9",124.3,58.1,810.7,"6,870.8"
Mar 2023,"1,566.6",334.5,"1,255.7",29.4,373.2,"1,795.9",118.9,55.9,901.3,"6,747.7"
Apr 2023,"1,539.1",247.4,"1,250.1",31.4,487.2,"1,838.5",121.8,55.5,708.9,"6,588.1"
May 2023,"1,542.6",303.4,"1,143.9",26.0,532.7,"1,733.2",92.5,53.0,724.2,"6,451.1"
Jun 2023,"1,573.0",363.4,"1,298.9",21.2,381.9,"1,807.5",96.3,58.9,686.1,"6,593.7"
Jul 2023,"1,600.7",416.2,"1,314.8",22.9,400.7,"2,013.2",96.7,55.5,714.7,"6,962.6"
Aug 2023,"1,534.8",367.7,"1,161.9",20.5,477.3,"2,061.9",118.7,60.0,709.7,"6,836.1"
Sep 2023,"1,532.9",269.8,"1,197.5",25.3,458.2,"1,994.8",148.0,50.4,752.7,"6,747.8"
Oct 2023,"1,777.5",350.9,"1,135.6",25.0,505.8,"1,791.4",134.9,56.3,649.8,"6,729.4"
Nov 2023,"1,745.4",314.6,"1,016.6",25.8,430.4,"1,852.1",109.7,55.0,582.1,"6,416.7"
Dec 2023,"1,957.8",465.8,"1,025.0",29.0,420.1,"1,930.8",124.8,51.6,616.5,"6,924.5"
Jan 2024,"1,592.3",423.5,"1,068.8",27.8,408.8,"2,157.6",94.5,51.3,678.3,"6,822.1"
Feb 2024,"1,734.8",335.5,"1,204.8",30.7,549.7,"2,326.5",156.3,47.3,619.9,"7,348.1"
Mar 2024,"1,500.1",355.2,"1,242.8",28.5,475.5,"2,022.7",151.4,53.2,644.7,"6,797.5"
Apr 2024,"1,851.1",401.5,"1,190.1",23.6,519.9,"1,852.8",138.1,52.9,584.9,"6,924.3"
May 2024,"1,655.8",344.8,"1,336.1",21.0,547.9,"2,033.3",123.3,52.5,640.5,"7,086.5"
Jun 2024,"1,709.3",375.8,"1,280.8",25.2,603.2,"2,280.9",90.0,47.5,646.5,"7,407.0"
Jul 2024,"1,725.9",317.8,"1,360.6",19.9,532.9,"2,142.9",88.3,55.5,642.5,"7,221.9"
Aug 2024,"1,569.9",373.2,"1,252.2",28.0,540.6,"2,212.0",69.2,54.4,783.1,"7,228.1"
Sep 2024,"1,702.0",319.2,"1,286.9",25.6,472.5,"2,170.3",124.5,56.0,608.4,"7,094.7"
Oct 2024,"1,628.8",347.2,"1,270.2",21.3,427.3,"1,999.0",111.0,56.9,567.3,"6,741.1"
Nov 2024,"1,684.0",394.0,"1,058.8",24.3,467.4,"2,001.4",107.4,58.3,476.0,"6,569.9"
Dec 2024,"1,725.2",323.6,"1,107.0",22.5,534.5,"2,095.6",120.8,56.5,540.5,"6,838.4"
Jan 2025,"1,531.5",389.1,"1,337.7",25.6,589.2,"2,471.4",206.5,57.9,579.7,"7,556.4"
Feb 2025,"1,607.9",398.2,"1,305.5",25.7,587.5,"2,591.3",161.0,53.3,571.1,"7,671.6"
Mar 2025,"1,836.4",369.6,"1,246.0",29.7,629.3,"2,636.3",161.6,49.3,596.3,"7,926.1"
Apr 2025,"1,358.9",411.4,"1,352.7",28.3,557.5,"2,375.8",137.0,32.7,621.7,"7,234.6"
May 2025,"1,596.9",390.7,"1,273.9",24.7,446.0,"2,152.2",145.4,47.7,612.1,"7,020.6"
Jun 2025,"1,514.3",385.2,"1,183.9",26.8,463.1,"2,053.1",153.3,44.7,649.9,"6,796.7"
Jul 2025,"1,522.5",296.5,"1,223.9",30.8,534.8,"2,217.9",142.3,44.6,668.8,"7,017.4"
Aug 2025,"1,426.3",304.2,"1,394.5",27.4,525.1,"2,228.2",109.5,49.1,651.1,"7,059.1"
Sep 2025,"1,264.9",419.2,"1,429.6",27.3,661.7,"2,629.0",160.6,43.2,604.6,"7,628.6"
Oct 2025,"1,338.7",322.3,"1,284.1",26.5,578.1,"2,212.1",148.7,43.4,617.9,"6,912.0"
Nov 2025,"1,530.4",363.1,"1,192.3",26.1,514.5,"2,015.7",151.5,42.6,592.8,"6,747.4"
Dec 2025,"1,649.5",371.1,"1,142.5",23.3,540.4,"2,265.8",157.8,45.3,653.9,"7,187.6"
Jan 2026,"1,407.8",407.7,"1,232.9",26.9,533.7,"2,406.9",111.9,48.5,603.9,"7,129.4"